accepted_taxon_key,family_name,genus_name,search_species_name,gbif_species_name,image_count
5101394,Cossidae,Cossus,Cossus cossus,Cossus cossus,1000
1731598,Cossidae,Phragmataecia,Phragmataecia castaneae,Phragmataecia castaneae,921
1730978,Cossidae,Zeuzera,Zeuzera pyrina,Zeuzera pyrina,1000
1952229,Drepanidae,Achlya,Achlya flavicornis,Achlya flavicornis,1000
1951557,Drepanidae,Cilix,Cilix glaucata,Cilix glaucata,1000
1952130,Drepanidae,Cymatophorina,Cymatophorina diluta,Cymatophorina diluta,928
5143147,Drepanidae,Drepana,Drepana curvatula,Drepana curvatula,1000
5143129,Drepanidae,Drepana,Drepana falcataria,Drepana falcataria,1000
1952014,Drepanidae,Falcaria,Falcaria lacertinaria,Falcaria lacertinaria,1000
1952062,Drepanidae,Habrosyne,Habrosyne pyritoides,Habrosyne pyritoides,1000
1952532,Drepanidae,Ochropacha,Ochropacha duplaris,Ochropacha duplaris,1000
1951713,Drepanidae,Polyploca,Polyploca ridens,Polyploca ridens,1000
1952449,Drepanidae,Sabra,Sabra harpagula,Sabra harpagula,672
5143048,Drepanidae,Tethea,Tethea ocularis,Tethea ocularis,1000
5142971,Drepanidae,Tethea,Tethea or,Tethea or,1000
1951649,Drepanidae,Tetheella,Tetheella fluctuosa,Tetheella fluctuosa,1000
5142870,Drepanidae,Thyatira,Thyatira batis,Thyatira batis,1000
1952806,Drepanidae,Watsonalla,Watsonalla binaria,Watsonalla binaria,1000
1952812,Drepanidae,Watsonalla,Watsonalla cultraria,Watsonalla cultraria,1000
1861395,Endromidae,Endromis,Endromis versicolora,Endromis versicolora,1000
1808450,Erebidae,Amata,Amata phegea,Amata phegea,1000
1785105,Erebidae,Anomis,Anomis sabulifera,Anomis sabulifera,102
1803273,Erebidae,Antichloris,Antichloris caca,Antichloris caca,0
1803266,Erebidae,Antichloris,Antichloris eriphia,Antichloris eriphia,41
1803261,Erebidae,Antichloris,Antichloris viridis,Antichloris viridis,10
5115874,Erebidae,Arctia,Arctia caja,Arctia caja,1000
5115818,Erebidae,Arctia,Arctia villica,Arctia villica,1000
8407461,Erebidae,Arctornis,Arctornis l-nigrum,Arctornis l-nigrum,1000
1810099,Erebidae,Atolmis,Atolmis rubricollis,Atolmis rubricollis,1000
4532534,Erebidae,Panaxia,Callimorpha dominula,Callimorpha dominula,1000
1761111,Erebidae,Callistege,Callistege mi,Callistege mi,1000
1819145,Erebidae,Calliteara,Calliteara pudibunda,Calliteara pudibunda,1000
1788635,Erebidae,Catephia,Catephia alchymista,Catephia alchymista,333
1797527,Erebidae,Catocala,Catocala conjuncta,Catocala coniuncta,368
8756768,Erebidae,Catocala,Catocala electa,Catocala electa,266
1797276,Erebidae,Catocala,Catocala elocata,Catocala elocata,721
1797479,Erebidae,Catocala,Catocala fraxini,Catocala fraxini,1000
1797258,Erebidae,Catocala,Catocala nupta,Catocala nupta,1000
1797333,Erebidae,Catocala,Catocala nymphagoga,Catocala nymphagoga,536
1797178,Erebidae,Catocala,Catocala promissa,Catocala promissa,1000
1797367,Erebidae,Catocala,Catocala sponsa,Catocala sponsa,1000
8193562,Erebidae,Clytie,Clytie illunaris,Clytie illunaris,163
1764531,Erebidae,Colobochyla,Colobochyla salicalis,Colobochyla salicalis,1000
5117189,Erebidae,Coscinia,Coscinia cribraria,Coscinia cribraria,1000
5117200,Erebidae,Coscinia,Coscinia striata,Coscinia striata,213
1804906,Erebidae,Cybosia,Cybosia mesomella,Cybosia mesomella,1000
4532544,Erebidae,Spilosoma,Diacrisia sannio,Diacrisia sannio,1000
6097214,Erebidae,Spilosoma,Diaphora mendica,Diaphora mendica,1000
4532297,Erebidae,Calliteara,Dicallomera fascelina,Dicallomera fascelina,1000
1814630,Erebidae,Dysauxes,Dysauxes ancilla,Dysauxes ancilla,375
1798504,Erebidae,Dysgonia,Dysgonia algira,Dysgonia algira,1000
8041200,Erebidae,Eilema,Eilema caniola,Eilema caniola,1000
5116609,Erebidae,Eilema,Eilema complana,Eilema complana,1000
5116850,Erebidae,Eilema,Eilema depressa,Eilema depressa,1000
5116941,Erebidae,Eilema,Eilema griseola,Eilema griseola,1000
7730078,Erebidae,Eilema,Eilema lurideola,Eilema lurideola,1000
5116669,Erebidae,Eilema,Eilema pygmaeola,Eilema pygmaeola,336
5117089,Erebidae,Eilema,Eilema sororcula,Eilema sororcula,1000
4532253,Noctuidae,Eublemma,Eublemma minutata,Eublemma minutata,102
4532203,Noctuidae,Eublemma,Eublemma ostrina,Eublemma ostrina,349
4532206,Noctuidae,Eublemma,Eublemma parva,Eublemma parva,306
4532239,Noctuidae,Eublemma,Eublemma purpurina,Eublemma purpurina,688
5117791,Erebidae,Euchromia,Euchromia lethe,Euchromia lethe,74
1798408,Erebidae,Euclidia,Euclidia glyphica,Euclidia glyphica,1000
4532532,Erebidae,Panaxia,Euplagia quadripunctaria,Euplagia quadripunctaria,1000
1821856,Erebidae,Euproctis,Euproctis chrysorrhoea,Euproctis chrysorrhoea,1000
1821911,Erebidae,Euproctis,Euproctis similis,Euproctis similis,1000
1786985,Erebidae,Grammodes,Grammodes bifasciata,Grammodes bifasciata,164
1786980,Erebidae,Grammodes,Grammodes stolida,Grammodes stolida,862
11125040,Erebidae,Halysidota,Halysidota moeschleri,Halysidota moeschleri,0
5113078,Erebidae,Herminia,Herminia grisealis,Herminia grisealis,1000
5113084,Erebidae,Herminia,Herminia tarsicrinalis,Herminia tarsicrinalis,1000
5113234,Erebidae,Herminia,Herminia tarsipennalis,Herminia tarsipennalis,1000
4532357,Erebidae,Hypena,Hypena crassalis,Hypena crassalis,1000
4532352,Erebidae,Hypena,Hypena lividalis,Hypena lividalis,843
4532351,Erebidae,Hypena,Hypena obesalis,Hypena obesalis,78
1798802,Erebidae,Hypena,Hypena obsitalis,Hypena obsitalis,706
1798807,Erebidae,Hypena,Hypena proboscidalis,Hypena proboscidalis,1000
1798594,Erebidae,Hypena,Hypena rostralis,Hypena rostralis,1000
1799708,Erebidae,Hypenodes,Hypenodes humidalis,Hypenodes humidalis,1000
1811079,Erebidae,Hypercompe,Hypercompe scribonia,Hypercompe scribonia,1000
1817797,Erebidae,Hyphantria,Hyphantria cunea,Hyphantria cunea,1000
1816889,Erebidae,Hyphoraia,Hyphoraia testudinaria,Hyphoraia testudinaria,6
9407200,Erebidae,Idia,Idia aemula,Idia aemula,1000
9627917,Erebidae,Idia,Idia lubricalis,Idia lubricalis,1000
8326103,Erebidae,Laelia,Laelia coenosa,Laelia coenosa,275
1769103,Erebidae,Laspeyria,Laspeyria flexula,Laspeyria flexula,1000
1820039,Erebidae,Leucoma,Leucoma salicis,Leucoma salicis,1000
5115771,Erebidae,Lithosia,Lithosia quadra,Lithosia quadra,1000
4532412,Erebidae,Lygephila,Lygephila craccae,Lygephila craccae,1000
4532405,Erebidae,Lygephila,Lygephila pastinum,Lygephila pastinum,1000
1820406,Erebidae,Lymantria,Lymantria dispar,Lymantria dispar,1000
1820372,Erebidae,Lymantria,Lymantria monacha,Lymantria monacha,1000
5771982,Erebidae,Macrochilo,Macrochilo cribrumalis,Macrochilo cribrumalis,1000
1813114,Erebidae,Miltochrista,Miltochrista miniata,Miltochrista miniata,1000
1790816,Erebidae,Minucia,Minucia lunaris,Minucia lunaris,758
5116416,Erebidae,Nudaria,Nudaria mundana,Nudaria mundana,1000
1788553,Erebidae,Ophiusa,Ophiusa tirhaca,Ophiusa tirhaca,556
1819873,Erebidae,Orgyia,Orgyia antiqua,Orgyia antiqua,1000
7657803,Erebidae,Orgyia,Orgyia recens,Orgyia recens,955
4532453,Erebidae,Pandesma,Pandesma robusta,Pandesma robusta,54
4532516,Erebidae,Paracolax,Paracolax tristalis,Paracolax tristalis,1000
1780150,Erebidae,Parascotia,Parascotia fuliginaria,Parascotia fuliginaria,1000
1808752,Erebidae,Parasemia,Parasemia plantaginis,Parasemia plantaginis,996
4532500,Erebidae,Pechipogo,Pechipogo plumigeralis,Pechipogo plumigeralis,116
1765751,Noctuidae,Tathorhynchus,Tathorhynchus exsiccata,Tathorhynchus exsiccata,338
1967873,Geometridae,Abraxas,Abraxas grossulariata,Abraxas grossulariata,1000
1967803,Geometridae,Abraxas,Abraxas pantaria,Abraxas pantaria,77
1967815,Geometridae,Abraxas,Abraxas sylvata,Abraxas sylvata,1000
7681733,Geometridae,Acasis,Acasis viretata,Acasis viretata,1000
1973327,Geometridae,Adactylotis,Adactylotis contaminaria,Adactylotis contaminaria,58
1990150,Geometridae,Aethalura,Aethalura punctulata,Aethalura punctulata,1000
5769072,Geometridae,Agriopis,Agriopis aurantiaria,Agriopis aurantiaria,1000
5769062,Geometridae,Agriopis,Agriopis leucophaearia,Agriopis leucophaearia,1000
5769068,Geometridae,Agriopis,Agriopis marginaria,Agriopis marginaria,1000
5143477,Geometridae,Alcis,Alcis jubata,Alcis jubata,680
5143380,Geometridae,Alcis,Alcis repandata,Alcis repandata,1000
4524403,Geometridae,Aleucis,Aleucis distinctata,Aleucis distinctata,772
5143947,Geometridae,Alsophila,Alsophila aescularia,Alsophila aescularia,1000
1965913,Geometridae,Angerona,Angerona prunaria,Angerona prunaria,1000
1975793,Geometridae,Anticlea,Anticlea derivata,Anticlea derivata,1000
1975571,Geometridae,Anticollix,Anticollix sparsata,Anticollix sparsata,975
1962860,Geometridae,Apeira,Apeira syringaria,Apeira syringaria,1000
5149474,Geometridae,Aplasta,Aplasta ononaria,Aplasta ononaria,398
1984954,Geometridae,Aplocera,Aplocera efformata,Aplocera efformata,1000
1984942,Geometridae,Aplocera,Aplocera plagiata,Aplocera plagiata,1000
1984949,Geometridae,Aplocera,Aplocera praeformata,Aplocera praeformata,665
1961068,Geometridae,Apocheima,Apocheima hispidaria,Apocheima hispidaria,1000
8329661,Geometridae,Archiearis,Archiearis notha,Archiearis notha,944
1975733,Geometridae,Archiearis,Archiearis parthenias,Archiearis parthenias,1000
1967273,Geometridae,Aspitates,Aspitates gilvaria,Aspitates gilvaria,235
1967265,Geometridae,Aspitates,Aspitates ochrearia,Aspitates ochrearia,1000
1987744,Geometridae,Asthena,Asthena albulata,Asthena albulata,1000
1975897,Geometridae,Biston,Biston betularia,Biston betularia,1000
1975903,Geometridae,Biston,Biston strataria,Biston strataria,1000
1973414,Geometridae,Bupalus,Bupalus piniaria,Bupalus piniaria,1000
5143675,Geometridae,Cabera,Cabera exanthemata,Cabera exanthemata,1000
5143697,Geometridae,Cabera,Cabera pusaria,Cabera pusaria,1000
1978776,Geometridae,Campaea,Campaea margaritaria,Campaea margaritaria,1000
4524376,Geometridae,Camptogramma,Camptogramma bilineata,Camptogramma bilineata,1000
1978977,Geometridae,Carsia,Carsia sororiata,Carsia sororiata,651
1964195,Geometridae,Catarhoe,Catarhoe cuculata,Catarhoe cuculata,1000
1964191,Geometridae,Catarhoe,Catarhoe rubidata,Catarhoe rubidata,873
1967245,Geometridae,Cepphis,Cepphis advenaria,Cepphis advenaria,1000
4524951,Geometridae,Charissa,Charissa obscurata,Charissa obscurata,1000
1962990,Geometridae,Chesias,Chesias legatella,Chesias legatella,1000
1962972,Geometridae,Chesias,Chesias rufata,Chesias rufata,124
9220953,Geometridae,Chiasmia,Chiasmia aestimaria,Chiasmia aestimaria,200
4525078,Geometridae,Chiasmia,Chiasmia clathrata,Chiasmia clathrata,1000
1961037,Geometridae,Chlorissa,Chlorissa cloraria,Chlorissa cloraria,92
1961040,Geometridae,Chlorissa,Chlorissa viridata,Chlorissa viridata,1000
5806132,Geometridae,Chlorochlamys,Chlorochlamys chloroleucaria,Chlorochlamys chloroleucaria,1000
1963463,Geometridae,Chloroclysta,Chloroclysta miata,Chloroclysta miata,1000
1963446,Geometridae,Chloroclysta,Chloroclysta siterata,Chloroclysta siterata,1000
1989428,Geometridae,Chloroclystis,Chloroclystis v-ata,Chloroclystis v-ata,1001
5768880,Geometridae,Cidaria,Cidaria fulvata,Cidaria fulvata,1000
5769028,Geometridae,Cleora,Cleora cinctaria,Cleora cinctaria,1000
1985522,Geometridae,Cleorodes,Cleorodes lichenaria,Cleorodes lichenaria,1000
1988504,Geometridae,Coenocalpe,Coenocalpe lapidata,Coenocalpe lapidata,398
9414984,Geometridae,Nebula,Coenotephria salicata,Nebula salicata,553
1988602,Geometridae,Colostygia,Colostygia multistrigaria,Colostygia multistrigaria,1000
1988684,Geometridae,Colostygia,Colostygia olivata,Colostygia olivata,866
1988593,Geometridae,Colostygia,Colostygia pectinataria,Colostygia pectinataria,1000
1968867,Geometridae,Colotois,Colotois pennaria,Colotois pennaria,1000
4523522,Geometridae,Comibaena,Comibaena bajularia,Comibaena bajularia,1000
1970213,Geometridae,Cosmorhoe,Cosmorhoe ocellata,Cosmorhoe ocellata,1000
4524223,Geometridae,Costaconvexa,Costaconvexa centrostrigaria,Costaconvexa centrostrigaria,1000
4524221,Geometridae,Costaconvexa,Costaconvexa polygrammata,Costaconvexa polygrammata,644
1990533,Geometridae,Crocallis,Crocallis dardoinaria,Crocallis dardoinaria,47
1990551,Geometridae,Crocallis,Crocallis elinguaria,Crocallis elinguaria,1000
5149746,Geometridae,Cyclophora,Cyclophora albipunctata,Cyclophora albipunctata,1000
5149768,Geometridae,Cyclophora,Cyclophora annularia,Cyclophora annularia,1000
7443518,Geometridae,Cyclophora,Cyclophora linearia,Cyclophora linearia,1000
5149704,Geometridae,Cyclophora,Cyclophora pendularia,Cyclophora pendularia,851
5149659,Geometridae,Cyclophora,Cyclophora porata,Cyclophora porata,794
5149665,Geometridae,Cyclophora,Cyclophora punctaria,Cyclophora punctaria,1000
5149787,Geometridae,Cyclophora,Cyclophora puppillaria,Cyclophora puppillaria,1000
5149784,Geometridae,Cyclophora,Cyclophora ruficiliaria,Cyclophora ruficiliaria,129
1978821,Geometridae,Deileptenia,Deileptenia ribeata,Deileptenia ribeata,1000
1959467,Geometridae,Dyscia,Dyscia fagaria,Dyscia fagaria,747
1962516,Geometridae,Dysstroma,Dysstroma citrata,Dysstroma citrata,1000
1962434,Geometridae,Dysstroma,Dysstroma truncata,Dysstroma truncata,1000
8160782,Geometridae,Anticlea,Earophila badiata,Anticlea badiata,1000
1978445,Geometridae,Ecliptopera,Ecliptopera silaceata,Ecliptopera silaceata,422
-1,NotAvail,NotAvail,Macaria notata,NotAvail,-1
1973467,Pterophoridae,Pterophorus,Petrophora chlorosata,Petrophora chlorosata,1000
-1,NotAvail,NotAvail,Xanthorhoe ferrugata,NotAvail,-1
1828637,Hepialidae,Hepialus,Hepialus humuli,Hepialus humuli,1000
7448174,Hepialidae,Korscheltellus,Korscheltellus fusconebulosa,Korscheltellus fusconebulosus,1000
5879654,Hepialidae,Korscheltellus,Korscheltellus lupulina,Korscheltellus lupulina,1000
4525610,Hepialidae,Phymatopus,Phymatopus hecta,Phymatopus hecta,1000
6097236,Hepialidae,Triodia,Triodia sylvina,Triodia sylvina,1000
1733484,Lasiocampidae,Dendrolimus,Dendrolimus pini,Dendrolimus pini,1000
4525266,Lasiocampidae,Eriogaster,Eriogaster lanestris,Eriogaster lanestris,1000
1734453,Lasiocampidae,Euthrix,Euthrix potatoria,Euthrix potatoria,1000
1732565,Lasiocampidae,Gastropacha,Gastropacha quercifolia,Gastropacha quercifolia,1000
1734826,Lasiocampidae,Lasiocampa,Lasiocampa quercus,Lasiocampa quercus,1000
1734704,Lasiocampidae,Lasiocampa,Lasiocampa trifolii,Lasiocampa trifolii,1000
1732416,Lasiocampidae,Macrothylacia,Macrothylacia rubi,Macrothylacia rubi,1000
5101678,Lasiocampidae,Malacosoma,Malacosoma castrensis,Malacosoma castrensis,1000
5101745,Lasiocampidae,Malacosoma,Malacosoma neustria,Malacosoma neustria,1000
5102287,Lasiocampidae,Odonestis,Odonestis pruni,Odonestis pruni,461
1732662,Lasiocampidae,Phyllodesma,Phyllodesma ilicifolia,Phyllodesma ilicifolia,697
1732063,Lasiocampidae,Poecilocampa,Poecilocampa populi,Poecilocampa populi,1000
1732452,Lasiocampidae,Trichiura,Trichiura crataegi,Trichiura crataegi,1000
5105339,Limacodidae,Apoda,Apoda limacodes,Apoda limacodes,1000
4522322,Limacodidae,Heterogenea,Heterogenea asella,Heterogenea asella,385
1767625,Noctuidae,Abrostola,Abrostola tripartita,Abrostola tripartita,1000
1767597,Noctuidae,Abrostola,Abrostola triplasia,Abrostola triplasia,1000
5109299,Noctuidae,Acontia,Acontia aprica,Acontia aprica,1000
1763072,Noctuidae,Acontia,Acontia lucida,Acontia lucida,1000
5109455,Noctuidae,Acontia,Acontia nitidula,Acontia nitidula,5
5772063,Noctuidae,Acontia,Acontia trabealis,Acontia trabealis,1000
8150836,Noctuidae,Acosmetia,Acosmetia caliginosa,Acosmetia caliginosa,314
1782763,Noctuidae,Acronicta,Acronicta aceris,Acronicta aceris,1000
1782726,Noctuidae,Acronicta,Acronicta alni,Acronicta alni,1000
1782927,Noctuidae,Acronicta,Acronicta auricoma,Acronicta auricoma,1000
1783045,Noctuidae,Acronicta,Acronicta cinerea,Acronicta cinerea,1000
7825213,Noctuidae,Acronicta,Acronicta cuspis,Acronicta cuspis,661
1783043,Noctuidae,Acronicta,Acronicta leporina,Acronicta leporina,1000
1783037,Noctuidae,Acronicta,Acronicta menyanthidis,Acronicta menyanthidis,1000
1782948,Noctuidae,Acronicta,Acronicta psi,Acronicta psi,1000
1782672,Noctuidae,Acronicta,Acronicta rumicis,Acronicta rumicis,1000
1782841,Noctuidae,Acronicta,Acronicta strigosa,Acronicta strigosa,703
1783016,Noctuidae,Acronicta,Acronicta tridens,Acronicta tridens,1000
1787506,Noctuidae,Actebia,Actebia fennica,Actebia fennica,461
1787504,Noctuidae,Actebia,Actebia praecox,Actebia praecox,551
1792292,Noctuidae,Actinotia,Actinotia polyodon,Actinotia polyodon,1000
5113847,Noctuidae,Aedia,Aedia funesta,Aedia funesta,414
5113853,Noctuidae,Aedia,Aedia leucomelas,Aedia leucomelas,909
4533115,Noctuidae,Agrochola,Agrochola lychnidis,Agrochola lychnidis,1000
4533714,Noctuidae,Agrotis,Agrotis bigramma,Agrotis bigramma,515
4533720,Noctuidae,Agrotis,Agrotis catalaunensis,Agrotis catalaunensis,29
1770869,Noctuidae,Agrotis,Agrotis cinerea,Agrotis cinerea,545
7940536,Noctuidae,Agrotis,Agrotis clavis,Agrotis clavis,1000
1770920,Noctuidae,Agrotis,Agrotis deprivata,Agrotis deprivata,1
1771214,Noctuidae,Agrotis,Agrotis exclamationis,Agrotis exclamationis,1000
1770776,Noctuidae,Agrotis,Agrotis graslini,Agrotis graslini,6
1771163,Noctuidae,Agrotis,Agrotis herzogi,Agrotis herzogi,31
1771245,Noctuidae,Agrotis,Agrotis ipsilon,Agrotis ipsilon,1000
1770772,Noctuidae,Agrotis,Agrotis puta,Agrotis puta,1000
1771204,Noctuidae,Agrotis,Agrotis ripae,Agrotis ripae,319
1771040,Noctuidae,Agrotis,Agrotis segetum,Agrotis segetum,1000
-1,NotAvail,NotAvail,Agrotis spinifera,NotAvail,-1
1770821,Noctuidae,Agrotis,Agrotis trux,Agrotis trux,980
1770880,Noctuidae,Agrotis,Agrotis vestigialis,Agrotis vestigialis,1000
4534719,Noctuidae,Allophyes,Allophyes oxyacanthae,Allophyes oxyacanthae,1000
1771391,Noctuidae,Amphipoea,Amphipoea crinanensis,Amphipoea crinanensis,259
7725644,Noctuidae,Amphipoea,Amphipoea fucosa,Amphipoea fucosa,1000
1771429,Noctuidae,Amphipoea,Amphipoea lucens,Amphipoea lucens,351
1771385,Noctuidae,Amphipoea,Amphipoea oculea,Amphipoea oculea,1000
1766128,Noctuidae,Amphipyra,Amphipyra berbera,Amphipyra berbera,1000
4534691,Noctuidae,Amphipyra,Amphipyra effusa,Amphipyra effusa,64
1766137,Noctuidae,Amphipyra,Amphipyra pyramidea,Amphipyra pyramidea,1000
1766210,Noctuidae,Amphipyra,Amphipyra tragopoginis,Amphipyra tragopoginis,1000
1766646,Noctuidae,Anaplectoides,Anaplectoides prasina,Anaplectoides prasina,1000
1789553,Noctuidae,Anarta,Anarta melanopa,Anarta melanopa,689
1789580,Noctuidae,Anarta,Anarta myrtilli,Anarta myrtilli,1000
4534166,Noctuidae,Anarta,Anarta trifolii,Anarta trifolii,1000
10263995,Noctuidae,Agrochola,Anchoscelis haematidea,Anchoscelis haematidea,0
10113008,Noctuidae,Agrochola,Anchoscelis helvola,Anchoscelis helvola,1000
1789982,Noctuidae,Agrochola,Anchoscelis litura,Agrochola litura,1000
9510363,Noctuidae,Agrochola,Anchoscelis lunosa,Anchoscelis lunosa,898
6544687,Noctuidae,Anorthoa,Anorthoa munda,Anorthoa munda,1000
1786902,Noctuidae,Antitype,Antitype chi,Antitype chi,1000
8007222,Noctuidae,Apamea,Apamea anceps,Apamea anceps,1000
1796169,Noctuidae,Apamea,Apamea crenata,Apamea crenata,1000
1796139,Noctuidae,Apamea,Apamea epomidion,Apamea epomidion,740
1795848,Noctuidae,Apamea,Apamea exulis,Apamea exulis,347
1795930,Noctuidae,Apamea,Apamea furva,Apamea furva,704
1795854,Noctuidae,Apamea,Apamea lateritia,Apamea lateritia,1000
4534486,Noctuidae,Apamea,Apamea lithoxylaea,Apamea lithoxylaea,1000
1796145,Noctuidae,Apamea,Apamea monoglypha,Apamea monoglypha,1000
1796183,Noctuidae,Apamea,Apamea oblonga,Apamea oblonga,1000
7438067,Noctuidae,Apamea,Apamea remissa,Apamea remissa,1000
11478679,Noctuidae,Loscopia,Apamea scolopacina,Loscopia scolopacina,1000
1796117,Noctuidae,Apamea,Apamea sordens,Apamea sordens,1000
1795946,Noctuidae,Apamea,Apamea sublustris,Apamea sublustris,1000
1796188,Noctuidae,Apamea,Apamea unanimis,Apamea unanimis,1000
1760857,Noctuidae,Aporophyla,Aporophyla australis,Aporophyla australis,352
1760887,Noctuidae,Aporophyla,Aporophyla lueneburgensis,Aporophyla lueneburgensis,835
1760893,Noctuidae,Aporophyla,Aporophyla lutulenta,Aporophyla lutulenta,814
1760891,Noctuidae,Aporophyla,Aporophyla nigra,Aporophyla nigra,1000
4533202,Noctuidae,Apterogenum,Apterogenum ypsillon,Apterogenum ypsillon,1000
1789849,Noctuidae,Archanara,Archanara dissoluta,Archanara dissoluta,1000
1789840,Noctuidae,Archanara,Archanara neurica,Archanara neurica,289
7780930,Noctuidae,Arenostola,Arenostola phragmitidis,Arenostola phragmitidis,1000
1766274,Noctuidae,Asteroscopus,Asteroscopus sphinx,Asteroscopus sphinx,1000
1759153,Noctuidae,Atethmia,Atethmia centrago,Atethmia centrago,1000
1787279,Noctuidae,Athetis,Athetis hospes,Athetis hospes,627
1787112,Noctuidae,Athetis,Athetis pallustris,Athetis pallustris,276
1792478,Noctuidae,Autographa,Autographa bimaculata,Autographa bimaculata,179
1792414,Noctuidae,Autographa,Autographa bractea,Autographa bractea,1000
1792418,Noctuidae,Autographa,Autographa gamma,Autographa gamma,1000
1792426,Noctuidae,Autographa,Autographa jota,Autographa jota,1000
1792411,Noctuidae,Autographa,Autographa pulchrina,Autographa pulchrina,1000
1761438,Noctuidae,Axylia,Axylia putris,Axylia putris,1000
1779435,Noctuidae,Brachionycha,Brachionycha nubeculosa,Brachionycha nubeculosa,1000
1779690,Noctuidae,Brachylomia,Brachylomia viminalis,Brachylomia viminalis,1000
1789957,Noctuidae,Brithys,Brithys crini,Brithys crini,680
7981386,Noctuidae,Bryophila,Bryophila domestica,Bryophila domestica,1000
8742426,Noctuidae,Bryophila,Bryophila raptricula,Bryophila raptricula,725
4532811,Noctuidae,Nyctobrya,Bryopsis muralis,Nyctobrya muralis,1000
5110200,Noctuidae,Calamia,Calamia tridens,Calamia tridens,1000
5108665,Noctuidae,Callopistria,Callopistria floridensis,Callopistria floridensis,909
5108761,Noctuidae,Callopistria,Callopistria juventina,Callopistria juventina,607
5108660,Noctuidae,Callopistria,Callopistria latreillei,Callopistria latreillei,207
1796463,Noctuidae,Calophasia,Calophasia lunula,Calophasia lunula,1000
1796451,Noctuidae,Calophasia,Calophasia platyptera,Calophasia platyptera,39
4534245,Noctuidae,Caradrina,Caradrina clavipalpis,Caradrina clavipalpis,1000
4534252,Noctuidae,Caradrina,Caradrina flavirena,Caradrina flavirena,142
1765017,Noctuidae,Caradrina,Caradrina kadenii,Caradrina kadenii,808
1765011,Noctuidae,Caradrina,Caradrina morpheus,Caradrina morpheus,1000
4534257,Noctuidae,Caradrina,Caradrina selini,Caradrina selini,873
4534463,Noctuidae,Celaena,Celaena haworthii,Celaena haworthii,1000
4534207,Noctuidae,Ceramica,Ceramica pisi,Ceramica pisi,1000
1763610,Noctuidae,Cerapteryx,Cerapteryx graminis,Cerapteryx graminis,1000
5110871,Noctuidae,Cerastis,Cerastis leucographa,Cerastis leucographa,652
5110885,Noctuidae,Cerastis,Cerastis rubricosa,Cerastis rubricosa,1000
1800140,Noctuidae,Charadra,Charadra deridens,Charadra deridens,1000
1778074,Noctuidae,Charanyca,Charanyca trigrammica,Charanyca trigrammica,1000
1778596,Noctuidae,Chilodes,Chilodes maritima,Chilodes maritima,1000
5772309,Noctuidae,Chloantha,Chloantha hyperici,Chloantha hyperici,571
1785181,Noctuidae,Chrysodeixis,Chrysodeixis acuta,Chrysodeixis acuta,89
1785185,Noctuidae,Chrysodeixis,Chrysodeixis chalcites,Chrysodeixis chalcites,1000
1771634,Noctuidae,Xanthia,Cirrhia gilvago,Xanthia gilvago,1000
8581601,Noctuidae,Xanthia,Cirrhia icteritia,Cirrhia icteritia,1000
9549172,Noctuidae,Xanthia,Cirrhia ocellaris,Cirrhia ocellaris,636
1775891,Noctuidae,Coenobia,Coenobia rufa,Coenobia rufa,949
1781694,Noctuidae,Coenophila,Coenophila subrosea,Coenophila subrosea,865
5114198,Noctuidae,Colocasia,Colocasia coryli,Colocasia coryli,1000
4534017,Noctuidae,Conisania,Conisania andalusica,Conisania andalusica,27
1768815,Noctuidae,Conistra,Conistra erythrocephala,Conistra erythrocephala,1000
1768729,Noctuidae,Conistra,Conistra ligula,Conistra ligula,968
1768771,Noctuidae,Conistra,Conistra rubiginea,Conistra rubiginea,1000
1768749,Noctuidae,Conistra,Conistra rubiginosa,Conistra rubiginosa,1000
1768702,Noctuidae,Conistra,Conistra vaccinii,Conistra vaccinii,1000
9593475,Noctuidae,Psaphida,Copipanolis styracis,Psaphida styracis,147
4534038,Noctuidae,Coranarta,Coranarta cordigera,Coranarta cordigera,1000
1784349,Noctuidae,Cornutiplusia,Cornutiplusia circumflexa,Cornutiplusia circumflexa,201
1769519,Noctuidae,Cosmia,Cosmia affinis,Cosmia affinis,965
1769543,Noctuidae,Cosmia,Cosmia diffinis,Cosmia diffinis,606
1769505,Noctuidae,Cosmia,Cosmia pyralina,Cosmia pyralina,1000
1769566,Noctuidae,Cosmia,Cosmia trapezina,Cosmia trapezina,1000
1791422,Noctuidae,Craniophora,Craniophora ligustri,Craniophora ligustri,1000
1795215,Noctuidae,Cryphia,Cryphia algae,Cryphia algae,1000
4534540,Noctuidae,Crypsedra,Crypsedra gemmea,Crypsedra gemmea,1000
1785361,Noctuidae,Ctenoplusia,Ctenoplusia accentifera,Ctenoplusia accentifera,83
1785329,Noctuidae,Ctenoplusia,Ctenoplusia limbirena,Ctenoplusia limbirena,581
5109599,Noctuidae,Cucullia,Cucullia absinthii,Cucullia absinthii,1000
5109641,Noctuidae,Cucullia,Cucullia argentea,Cucullia argentea,187
5109595,Noctuidae,Cucullia,Cucullia artemisiae,Cucullia artemisiae,110
5109614,Noctuidae,Cucullia,Cucullia asteris,Cucullia asteris,770
5109646,Noctuidae,Cucullia,Cucullia calendulae,Cucullia calendulae,220
5109498,Noctuidae,Cucullia,Cucullia chamomillae,Cucullia chamomillae,1000
5109552,Noctuidae,Cucullia,Cucullia gnaphalii,Cucullia gnaphalii,276
5109722,Noctuidae,Cucullia,Cucullia lactucae,Cucullia lactucae,896
5109480,Noctuidae,Cucullia,Cucullia lychnitis,Cucullia lychnitis,621
5883985,Noctuidae,Shargacucullia,Cucullia scrophulariae,Shargacucullia scrophulariae,1000
5109523,Noctuidae,Cucullia,Cucullia umbratica,Cucullia umbratica,1000
5109661,Noctuidae,Cucullia,Cucullia verbasci,Cucullia verbasci,1000
1769057,Noctuidae,Dasypolia,Dasypolia templi,Dasypolia templi,1000
1785286,Noctuidae,Deltote,Deltote bankiana,Deltote bankiana,1000
4532888,Noctuidae,Deltote,Deltote deceptoria,Deltote deceptoria,983
4532886,Noctuidae,Deltote,Deltote uncula,Deltote uncula,1000
4534408,Noctuidae,Denticucullus,Denticucullus pygmina,Denticucullus pygmina,1000
1785888,Noctuidae,Diachrysia,Diachrysia chrysitis,Diachrysia chrysitis,1000
1785887,Noctuidae,Diachrysia,Diachrysia chryson,Diachrysia chryson,448
1785895,Noctuidae,Diachrysia,Diachrysia stenochrysis,Diachrysia stenochrysis,1000
4533431,Noctuidae,Diarsia,Diarsia brunnea,Diarsia brunnea,1000
4533444,Noctuidae,Diarsia,Diarsia dahlii,Diarsia dahlii,1000
4533442,Noctuidae,Diarsia,Diarsia florida,Diarsia florida,184
4533433,Noctuidae,Diarsia,Diarsia mendica,Diarsia mendica,1000
4533446,Noctuidae,Diarsia,Diarsia rubi,Diarsia rubi,1000
8021109,Noctuidae,Basistriga,Dichagyris flammatra,Basistriga flammatra,75
1765954,Noctuidae,Dicycla,Dicycla oo,Dicycla oo,407
1777253,Noctuidae,Diloba,Diloba caeruleocephala,Diloba caeruleocephala,1000
1792768,Noctuidae,Dryobota,Dryobota labecula,Dryobota labecula,110
1789267,Noctuidae,Dryobotodes,Dryobotodes eremita,Dryobotodes eremita,1000
9805848,Noctuidae,Dryobotodes,Dryobotodes roboris,Dryobotodes roboris,136
1789255,Noctuidae,Dryobotodes,Dryobotodes tenebrosa,Dryobotodes tenebrosa,52
1776862,Noctuidae,Dypterygia,Dypterygia scabriuscula,Dypterygia scabriuscula,1000
1792061,Noctuidae,Egira,Egira conspicillaris,Egira conspicillaris,855
1780390,Noctuidae,Elaphria,Elaphria agrotina,Elaphria agrotina,82
1780378,Noctuidae,Elaphria,Elaphria venustula,Elaphria venustula,1000
1770150,Noctuidae,Enargia,Enargia paleacea,Enargia paleacea,1000
5110670,Noctuidae,Eremobia,Eremobia ochroleuca,Eremobia ochroleuca,1000
1794361,Noctuidae,Lasionycta,Eriopygodes imbecilla,Eriopygodes imbecillus,740
8393221,Noctuidae,Eucarta,Eucarta amethystina,Eucarta amethystina,196
4532696,Noctuidae,Eucarta,Eucarta virgo,Eucarta virgo,283
1770530,Noctuidae,Euchalcia,Euchalcia variabilis,Euchalcia variabilis,208
11145613,Noctuidae,Eudryas,Eudryas staejohannis,Eudryas staejohannis,0
4533661,Noctuidae,Eugnorisma,Eugnorisma depuncta,Eugnorisma depuncta,1000
4533671,Noctuidae,Eugnorisma,Eugnorisma glareosa,Eugnorisma glareosa,1000
1776619,Noctuidae,Euplexia,Euplexia lucipara,Euplexia lucipara,1000
1758878,Noctuidae,Eupsilia,Eupsilia transversa,Eupsilia transversa,1000
1769958,Noctuidae,Eurois,Eurois occulta,Eurois occulta,1000
1773309,Noctuidae,Euxoa,Euxoa cursoria,Euxoa cursoria,1000
1773163,Noctuidae,Euxoa,Euxoa nigricans,Euxoa nigricans,1000
1772956,Noctuidae,Euxoa,Euxoa obelisca,Euxoa obelisca,1000
1772940,Noctuidae,Euxoa,Euxoa tritici,Euxoa tritici,1000
4534542,Noctuidae,Fabula,Fabula zollikoferi,Fabula zollikoferi,29
1785733,Noctuidae,Feltia,Feltia subgothica,Feltia subgothica,129
7400814,Noctuidae,Feltia,Feltia subterranea,Feltia subterranea,1000
1787438,Noctuidae,Galgula,Galgula partita,Galgula partita,1000
9135821,Noctuidae,Globia,Globia algae,Globia algae,660
8890502,Noctuidae,Globia,Globia sparganii,Globia sparganii,1000
1768308,Noctuidae,Gortyna,Gortyna borelii,Gortyna borelii,22
1768341,Noctuidae,Gortyna,Gortyna flavago,Gortyna flavago,1000
1769645,Noctuidae,Graphania,Graphania dives,Graphania dives,0
1791784,Noctuidae,Graphiphora,Graphiphora augur,Graphiphora augur,1000
4533273,Noctuidae,Griposia,Griposia aprilina,Griposia aprilina,1000
1761041,Noctuidae,Hada,Hada plebeja,Hada plebeja,1000
1787751,Noctuidae,Hadena,Hadena albimacula,Hadena albimacula,568
1787859,Noctuidae,Hadena,Hadena bicruris,Hadena bicruris,1000
1787697,Noctuidae,Hadena,Hadena caesia,Hadena caesia,114
1787590,Noctuidae,Hadena,Hadena compta,Hadena compta,1000
1787770,Noctuidae,Hadena,Hadena confusa,Hadena confusa,1000
1787631,Noctuidae,Hadena,Hadena irregularis,Hadena irregularis,82
1787610,Noctuidae,Hadena,Hadena perplexa,Hadena perplexa,1000
1789086,Noctuidae,Hecatera,Hecatera bicolorata,Hecatera bicolorata,1000
1789076,Noctuidae,Hecatera,Hecatera dysodea,Hecatera dysodea,1000
8108800,Noctuidae,Helicoverpa,Helicoverpa armigera,Helicoverpa armigera,1000
4534676,Noctuidae,Heliothis,Heliothis maritima,Heliothis maritima,42
4534675,Noctuidae,Heliothis,Heliothis nubigera,Heliothis nubigera,78
4534681,Noctuidae,Heliothis,Heliothis peltigera,Heliothis peltigera,1000
4534686,Noctuidae,Heliothis,Heliothis viriplaca,Heliothis viriplaca,1000
4534389,Noctuidae,Helotropha,Helotropha leucostigma,Helotropha leucostigma,1000
1784853,Noctuidae,Hoplodrina,Hoplodrina ambigua,Hoplodrina ambigua,1000
1784826,Noctuidae,Hoplodrina,Hoplodrina blanda,Hoplodrina blanda,1000
4534290,Noctuidae,Hoplodrina,Hoplodrina octogenaria,Hoplodrina octogenaria,1000
1784824,Noctuidae,Hoplodrina,Hoplodrina superstes,Hoplodrina superstes,33
1796678,Noctuidae,Hydraecia,Hydraecia micacea,Hydraecia micacea,1000
1796643,Noctuidae,Hydraecia,Hydraecia osseola,Hydraecia osseola,20
1796666,Noctuidae,Hydraecia,Hydraecia petasitis,Hydraecia petasitis,345
1798372,Noctuidae,Hyppa,Hyppa rectilinea,Hyppa rectilinea,1000
1782615,Noctuidae,Ipimorpha,Ipimorpha retusa,Ipimorpha retusa,1000
1782627,Noctuidae,Ipimorpha,Ipimorpha subtusa,Ipimorpha subtusa,1000
1792645,Noctuidae,Jodia,Jodia croceago,Jodia croceago,386
4533947,Noctuidae,Lacanobia,Lacanobia blenna,Lacanobia blenna,79
1759055,Noctuidae,Lacanobia,Lacanobia contigua,Lacanobia contigua,1000
1759083,Noctuidae,Lacanobia,Lacanobia oleracea,Lacanobia oleracea,1000
7972792,Noctuidae,Lacanobia,Lacanobia splendens,Lacanobia splendens,171
4533952,Noctuidae,Lacanobia,Lacanobia suasa,Lacanobia suasa,1000
1759069,Noctuidae,Lacanobia,Lacanobia thalassina,Lacanobia thalassina,1000
1759079,Noctuidae,Lacanobia,Lacanobia w-latinum,Lacanobia w-latinum,1000
1799900,Noctuidae,Lacinipolia,Lacinipolia laudabilis,Lacinipolia laudabilis,1000
1799870,Noctuidae,Lacinipolia,Lacinipolia renigera,Lacinipolia renigera,1000
4534533,Noctuidae,Lateroligia,Lateroligia ophiogramma,Lateroligia ophiogramma,1000
4534458,Noctuidae,Lenisa,Lenisa geminipuncta,Lenisa geminipuncta,1000
10312073,Noctuidae,Agrochola,Leptologia lota,Leptologia lota,393
10068024,Noctuidae,Agrochola,Leptologia macilenta,Leptologia macilenta,383
5111574,Noctuidae,Leucania,Leucania comma,Leucania comma,1000
5772222,Noctuidae,Leucania,Leucania loreyi,Leucania loreyi,359
8253467,Noctuidae,Leucania,Leucania obsoleta,Leucania obsoleta,1000
5111481,Noctuidae,Leucania,Leucania putrescens,Leucania putrescens,263
1775329,Noctuidae,Leucochlaena,Leucochlaena oditis,Leucochlaena oditis,650
1759620,Noctuidae,Lithophane,Lithophane consocia,Lithophane consocia,1000
1759661,Noctuidae,Lithophane,Lithophane furcifera,Lithophane furcifera,1000
1759686,Noctuidae,Lithophane,Lithophane lamda,Lithophane lamda,704
1759673,Noctuidae,Lithophane,Lithophane leautieri,Lithophane leautieri,431
1759668,Noctuidae,Lithophane,Lithophane ornitopus,Lithophane ornitopus,1000
1759597,Noctuidae,Lithophane,Lithophane semibrunnea,Lithophane semibrunnea,596
1759667,Noctuidae,Lithophane,Lithophane socia,Lithophane socia,1000
4534538,Noctuidae,Litoligia,Litoligia literosa,Litoligia literosa,1000
4534398,Noctuidae,Longalatedes,Longalatedes elymi,Longalatedes elymi,821
1770353,Noctuidae,Luperina,Luperina dumerilii,Luperina dumerilii,379
1770322,Noctuidae,Luperina,Luperina nickerlii,Luperina nickerlii,14
1770307,Noctuidae,Luperina,Luperina testacea,Luperina testacea,1000
1794590,Noctuidae,Lycophotia,Lycophotia porphyrea,Lycophotia porphyrea,1000
1768117,Noctuidae,Macdunnoughia,Macdunnoughia confusa,Macdunnoughia confusa,1000
1788522,Noctuidae,Mamestra,Mamestra brassicae,Mamestra brassicae,1000
8729319,Noctuidae,Megalographa,Megalographa biloba,Megalographa biloba,1000
1783971,Noctuidae,Meganephria,Meganephria bimaculosa,Meganephria bimaculosa,54
1765767,Noctuidae,Melanchra,Melanchra persicariae,Melanchra persicariae,1000
1788425,Noctuidae,Mesapamea,Mesapamea didyma,Mesapamea secalis,1000
1787417,Noctuidae,Mesogona,Mesogona acetosellae,Mesogona acetosellae,178
1760104,Noctuidae,Mesoligia,Mesoligia furuncula,Mesoligia furuncula,1000
4533347,Noctuidae,Mniotype,Mniotype adusta,Mniotype adusta,1000
4533360,Noctuidae,Mniotype,Mniotype satura,Mniotype satura,1000
4533345,Noctuidae,Mniotype,Mniotype solieri,Mniotype solieri,207
1800004,Noctuidae,Moma,Moma alpium,Moma alpium,1000
1761735,Noctuidae,Mormo,Mormo maura,Mormo maura,1000
5772178,Noctuidae,Mythimna,Mythimna albipuncta,Mythimna albipuncta,1000
5111360,Noctuidae,Leucania,Mythimna commoides,Leucania commoides,398
5772199,Noctuidae,Mythimna,Mythimna conigera,Mythimna conigera,1000
5772176,Noctuidae,Mythimna,Mythimna ferrago,Mythimna ferrago,1000
5772210,Noctuidae,Mythimna,Mythimna impura,Mythimna impura,1000
5772172,Noctuidae,Mythimna,Mythimna l-album,Mythimna l-album,1000
5772180,Noctuidae,Mythimna,Mythimna litoralis,Mythimna litoralis,664
5772196,Noctuidae,Mythimna,Mythimna pallens,Mythimna pallens,1000
5772202,Noctuidae,Mythimna,Mythimna pudorina,Mythimna pudorina,823
5772205,Noctuidae,Mythimna,Mythimna straminea,Mythimna straminea,1000
1767655,Noctuidae,Mythimna,Mythimna turca,Mythimna turca,767
5772169,Noctuidae,Mythimna,Mythimna unipuncta,Mythimna unipuncta,1000
5772206,Noctuidae,Mythimna,Mythimna vitellina,Mythimna vitellina,1000
1779334,Noctuidae,Naenia,Naenia typica,Naenia typica,1000
1789730,Noctuidae,Noctua,Noctua comes,Noctua comes,1000
1789745,Noctuidae,Noctua,Noctua fimbriata,Noctua fimbriata,1000
1789694,Noctuidae,Noctua,Noctua interjecta,Noctua interjecta,1000
1789785,Noctuidae,Noctua,Noctua janthe,Noctua janthe,1000
1789783,Noctuidae,Noctua,Noctua janthina,Noctua janthina,1000
1789755,Noctuidae,Noctua,Noctua orbona,Noctua orbona,805
1789695,Noctuidae,Noctua,Noctua pronuba,Noctua pronuba,1000
5110644,Noctuidae,Nonagria,Nonagria typhae,Nonagria typhae,1000
1770416,Noctuidae,Ochropleura,Ochropleura leucogaster,Ochropleura leucogaster,282
1770477,Noctuidae,Ochropleura,Ochropleura plecta,Ochropleura plecta,1000
1766510,Noctuidae,Oligia,Oligia fasciuncula,Oligia fasciuncula,1000
1766410,Noctuidae,Oligia,Oligia latruncula,Oligia latruncula,1000
7895336,Noctuidae,Oligia,Oligia strigilis,Oligia strigilis,1000
1766418,Noctuidae,Oligia,Oligia versicolor,Oligia versicolor,229
5110818,Noctuidae,Oria,Oria musculosa,Oria musculosa,351
1798984,Noctuidae,Orthosia,Orthosia cerasi,Orthosia cerasi,1000
-1,NotAvail,NotAvail,Orthosia cruda,NotAvail,-1
1798974,Noctuidae,Orthosia,Orthosia gothica,Orthosia gothica,1000
1798916,Noctuidae,Orthosia,Orthosia gracilis,Orthosia gracilis,1000
1799135,Noctuidae,Orthosia,Orthosia incerta,Orthosia incerta,1000
1799132,Noctuidae,Orthosia,Orthosia miniosa,Orthosia miniosa,1000
1798931,Noctuidae,Orthosia,Orthosia opima,Orthosia opima,1000
1798971,Noctuidae,Orthosia,Orthosia populeti,Orthosia populeti,1000
4534461,Noctuidae,Pabulatrix,Pabulatrix pabulatricula,Pabulatrix pabulatricula,699
7869346,Noctuidae,Pachetra,Pachetra sagittigera,Pachetra sagittigera,702
1799799,Noctuidae,Panemeria,Panemeria tenebrata,Panemeria tenebrata,1000
1793877,Noctuidae,Panolis,Panolis flammea,Panolis flammea,1000
1788917,Noctuidae,Papestra,Papestra biren,Papestra biren,1000
1796217,Noctuidae,Parastichtis,Parastichtis suspecta,Parastichtis suspecta,1000
1802868,Nolidae,Pardasena,Pardasena virgulana,Pardasena virgulana,41
1792996,Noctuidae,Peridroma,Peridroma saucia,Peridroma saucia,1000
11136655,Noctuidae,Perigea,Perigea capensis,Perigea capensis,0
6097260,Noctuidae,Periphanes,Periphanes delphinii,Periphanes delphinii,26
1782560,Noctuidae,Phlogophora,Phlogophora meticulosa,Phlogophora meticulosa,1000
1792379,Noctuidae,Photedes,Photedes captiuncula,Photedes captiuncula,285
1792335,Noctuidae,Photedes,Photedes extrema,Photedes extrema,1000
1792377,Noctuidae,Photedes,Photedes fluxa,Photedes fluxa,1000
1792383,Noctuidae,Photedes,Photedes minima,Photedes minima,1000
1792390,Noctuidae,Photedes,Photedes morrisii,Photedes morrisii,395
1772179,Noctuidae,Plusia,Plusia festucae,Plusia festucae,1000
1772169,Noctuidae,Plusia,Plusia putnami,Plusia putnami,1000
1776371,Noctuidae,Polia,Polia bombycina,Polia bombycina,1000
5772446,Noctuidae,Polia,Polia hepatica,Polia hepatica,1000
1776330,Noctuidae,Polia,Polia nebulosa,Polia nebulosa,1000
1783855,Noctuidae,Polychrysia,Polychrysia moneta,Polychrysia moneta,1000
1780926,Noctuidae,Polymixis,Polymixis flavicincta,Polymixis flavicincta,572
4533285,Noctuidae,Polymixis,Polymixis lichenea,Polymixis lichenea,1000
1780954,Noctuidae,Polymixis,Polymixis xanthomista,Polymixis xanthomista,55
1784359,Noctuidae,Polyphaenis,Polyphaenis sericata,Polyphaenis sericata,852
4534403,Noctuidae,Protarchanara,Protarchanara brevilinea,Protarchanara brevilinea,462
4532890,Noctuidae,Deltote,Protodeltote pygarga,Deltote pygarga,1000
1762608,Noctuidae,Protolampra,Protolampra sobrina,Protolampra sobrina,1000
1767511,Noctuidae,Protoschinia,Protoschinia scutosa,Protoschinia scutosa,124
1774959,Noctuidae,Pseudenargia,Pseudenargia ulicis,Pseudenargia ulicis,40
1799701,Noctuidae,Pseudeustrotia,Pseudeustrotia candidula,Pseudeustrotia candidula,890
5109438,Noctuidae,Acontia,Pseudoplusia includens,Acontia margaritata,4
1779641,Noctuidae,Pyrrhia,Pyrrhia umbra,Pyrrhia umbra,1000
5108957,Noctuidae,Raphia,Raphia frater,Raphia frater,1000
8105817,Noctuidae,Rhizedra,Rhizedra lutosa,Rhizedra lutosa,1000
1790651,Noctuidae,Rhyacia,Rhyacia lucipeta,Rhyacia lucipeta,4
1790625,Noctuidae,Rhyacia,Rhyacia simulans,Rhyacia simulans,576
4534299,Noctuidae,Charanyca,Rusina ferruginea,Charanyca ferruginea,1000
9474256,Noctuidae,Schinia,Schinia rivulosa,Schinia rivulosa,930
1776207,Noctuidae,Scotochrosta,Scotochrosta pulla,Scotochrosta pulla,26
1770573,Noctuidae,Sedina,Sedina buettneri,Sedina buettneri,138
1778127,Noctuidae,Senta,Senta flammea,Senta flammea,415
1762383,Noctuidae,Sesamia,Sesamia nonagrioides,Sesamia nonagrioides,73
7537451,Noctuidae,Shargacucullia,Shargacucullia caninae,Shargacucullia caninae,1
8116389,Noctuidae,Shargacucullia,Shargacucullia prenanthis,Shargacucullia prenanthis,7
4534057,Noctuidae,Sideridis,Sideridis reticulata,Sideridis reticulata,1000
4534052,Noctuidae,Sideridis,Sideridis rivularis,Sideridis rivularis,1000
4534046,Noctuidae,Sideridis,Sideridis turbida,Sideridis turbida,986
1762244,Noctuidae,Simyra,Simyra albovenosa,Simyra albovenosa,1000
1774347,Noctuidae,Spaelotis,Spaelotis ravida,Spaelotis ravida,754
5109843,Noctuidae,Spodoptera,Spodoptera cilium,Spodoptera cilium,483
5109850,Noctuidae,Spodoptera,Spodoptera eridania,Spodoptera eridania,459
8352161,Noctuidae,Spodoptera,Spodoptera exigua,Spodoptera exigua,1000
5109931,Noctuidae,Spodoptera,Spodoptera littoralis,Spodoptera littoralis,446
5109882,Noctuidae,Spodoptera,Spodoptera litura,Spodoptera litura,1000
1778517,Noctuidae,Standfussiana,Standfussiana lucernea,Standfussiana lucernea,353
1789481,Noctuidae,Stilbia,Stilbia anomala,Stilbia anomala,707
1782777,Noctuidae,Acronicta,Subacronicta megacephala,Acronicta megacephala,1000
10638451,Noctuidae,Sunira,Sunira circellaris,Sunira circellaris,1000
8292872,Noctuidae,Syngrapha,Syngrapha interrogationis,Syngrapha interrogationis,1000
1766086,Noctuidae,Synthymia,Synthymia fixa,Synthymia fixa,363
5110213,Noctuidae,Thalpophila,Thalpophila matura,Thalpophila matura,1000
1771531,Noctuidae,Tholera,Tholera cespitis,Tholera cespitis,1000
1771509,Noctuidae,Tholera,Tholera decimalis,Tholera decimalis,1000
4532908,Noctuidae,Thysanoplusia,Thysanoplusia daubei,Thysanoplusia daubei,46
1795068,Noctuidae,Thysanoplusia,Thysanoplusia orichalcea,Thysanoplusia orichalcea,1000
4533136,Noctuidae,Tiliacea,Tiliacea aurago,Tiliacea aurago,1000
4533128,Noctuidae,Tiliacea,Tiliacea citrago,Tiliacea citrago,1000
1760593,Noctuidae,Trachea,Trachea atriplicis,Trachea atriplicis,1000
1786360,Noctuidae,Trichoplusia,Trichoplusia ni,Trichoplusia ni,1000
1763697,Noctuidae,Trigonophora,Trigonophora flammea,Trigonophora flammea,634
1774285,Noctuidae,Valeria,Valeria oleagina,Valeria oleagina,150
6116899,Noctuidae,Vittaplusia,Vittaplusia vittata,Vittaplusia vittata,72
1771698,Noctuidae,Xanthia,Xanthia togata,Xanthia togata,1000
1777727,Noctuidae,Xanthopastis,Xanthopastis timais,Xanthopastis timais,173
5112254,Noctuidae,Xestia,Xestia agathina,Xestia agathina,351
7921916,Noctuidae,Xestia,Xestia alpicola,Xestia alpicola,1000
8043500,Noctuidae,Xestia,Xestia ashworthii,Xestia ashworthii,198
5112291,Noctuidae,Xestia,Xestia baja,Xestia baja,1000
5714973,Noctuidae,Xestia,Xestia c-nigrum,Xestia c-nigrum,1000
5112336,Noctuidae,Xestia,Xestia castanea,Xestia castanea,929
5772349,Noctuidae,Xestia,Xestia ditrapezium,Xestia ditrapezium,607
5112155,Noctuidae,Xestia,Xestia sexstrigata,Xestia sexstrigata,1000
5112362,Noctuidae,Xestia,Xestia stigmatica,Xestia rhomboidea,507
5772351,Noctuidae,Xestia,Xestia triangulum,Xestia triangulum,1000
5112283,Noctuidae,Xestia,Xestia xanthographa,Xestia xanthographa,1000
1790364,Noctuidae,Xylena,Xylena exsoleta,Xylena exsoleta,807
9174377,Noctuidae,Xylena,Xylena solidaginis,Xylena solidaginis,1000
1790361,Noctuidae,Xylena,Xylena vetusta,Xylena vetusta,1000
1768150,Noctuidae,Xylocampa,Xylocampa areola,Xylocampa areola,1000
1801051,Nolidae,Bena,Bena bicolorana,Bena bicolorana,1000
1803025,Nolidae,Earias,Earias biplaga,Earias biplaga,228
1803073,Nolidae,Earias,Earias clorana,Earias clorana,1000
1803060,Nolidae,Earias,Earias insulana,Earias insulana,171
1803078,Nolidae,Earias,Earias vittella,Earias vittella,31
4534767,Nolidae,Meganola,Meganola albula,Meganola albula,1000
4534762,Nolidae,Meganola,Meganola strigula,Meganola strigula,784
4534779,Nolidae,Nola,Nola aerugula,Nola aerugula,1000
4534788,Nolidae,Nola,Nola chlamitulalis,Nola chlamitulalis,45
4534782,Nolidae,Nola,Nola confusalis,Nola confusalis,1000
1801896,Nolidae,Nola,Nola cucullatella,Nola cucullatella,1000
5114311,Nolidae,Nycteola,Nycteola asiatica,Nycteola asiatica,98
8244266,Nolidae,Nycteola,Nycteola degenerana,Nycteola degenerana,794
5114327,Nolidae,Nycteola,Nycteola revayana,Nycteola revayana,1000
5114316,Nolidae,Nycteola,Nycteola siculana,Nycteola siculana,17
1802280,Nolidae,Pseudoips,Pseudoips prasinana,Pseudoips prasinana,1000
1825176,Notodontidae,Cerura,Cerura erminea,Cerura erminea,705
1825156,Notodontidae,Cerura,Cerura vinula,Cerura vinula,1000
1822830,Notodontidae,Clostera,Clostera anachoreta,Clostera anachoreta,825
1822796,Notodontidae,Clostera,Clostera curtula,Clostera curtula,1000
1822819,Notodontidae,Clostera,Clostera pigra,Clostera pigra,1000
8397564,Notodontidae,Drymonia,Drymonia dodonaea,Drymonia dodonaea,1000
5118892,Notodontidae,Drymonia,Drymonia ruficornis,Drymonia ruficornis,1000
1822613,Notodontidae,Furcula,Furcula bicuspis,Furcula bicuspis,1000
1822587,Notodontidae,Furcula,Furcula bifida,Furcula bifida,1000
1822610,Notodontidae,Furcula,Furcula furcula,Furcula furcula,1000
1827125,Notodontidae,Gluphisia,Gluphisia crenata,Gluphisia crenata,1000
1823726,Notodontidae,Harpyia,Harpyia milhauseri,Harpyia milhauseri,1000
1825539,Notodontidae,Leucodonta,Leucodonta bicoloria,Leucodonta bicoloria,1000
1825077,Notodontidae,Notodonta,Notodonta dromedarius,Notodonta dromedarius,1000
1825083,Notodontidae,Notodonta,Notodonta torva,Notodonta torva,951
4534914,Notodontidae,Notodonta,Notodonta tritophus,Notodonta tritophus,1000
4534909,Notodontidae,Notodonta,Notodonta ziczac,Notodonta ziczac,1000
1826022,Notodontidae,Odontosia,Odontosia carmelita,Odontosia carmelita,1000
1822346,Notodontidae,Peridea,Peridea anceps,Peridea anceps,1000
5119245,Notodontidae,Phalera,Phalera bucephala,Phalera bucephala,1000
1825971,Notodontidae,Pheosia,Pheosia gnoma,Pheosia gnoma,1000
1825983,Notodontidae,Pheosia,Pheosia tremula,Pheosia tremula,1000
1825064,Notodontidae,Pterostoma,Pterostoma palpina,Pterostoma palpina,1000
1828162,Notodontidae,Ptilodon,Ptilodon capucina,Ptilodon capucina,1000
4534872,Notodontidae,Ptilodon,Ptilodon cucullina,Ptilodon cucullina,1000
5119143,Notodontidae,Ptilophora,Ptilophora plumigera,Ptilophora plumigera,1000
5118996,Notodontidae,Stauropus,Stauropus fagi,Stauropus fagi,1000
1824131,Notodontidae,Thaumetopoea,Thaumetopoea pityocampa,Thaumetopoea pityocampa,1000
1824113,Notodontidae,Thaumetopoea,Thaumetopoea processionea,Thaumetopoea processionea,1000
1823493,Notodontidae,Trichiocercus,Trichiocercus sparshalli,Trichiocercus sparshalli,832
1867820,Saturniidae,Saturnia,Saturnia pavonia,Saturnia pavonia,1000
1867928,Saturniidae,Saturnia,Saturnia pyri,Saturnia pyri,1000
1940838,Sesiidae,Bembecia,Bembecia ichneumoniformis,Bembecia ichneumoniformis,1000
1939879,Sesiidae,Paranthrene,Paranthrene tabaniformis,Paranthrene tabaniformis,592
1940807,Sesiidae,Pennisetia,Pennisetia hylaeiformis,Pennisetia hylaeiformis,932
1940158,Sesiidae,Pyropteron,Pyropteron chrysidiformis,Pyropteron chrysidiformis,591
7628988,Sesiidae,Synansphecia,Pyropteron muscaeformis,Synansphecia muscaeformis,360
5141493,Sesiidae,Sesia,Sesia apiformis,Sesia apiformis,1000
5141501,Sesiidae,Sesia,Sesia bembeciformis,Sesia bembeciformis,903
1940717,Sesiidae,Synanthedon,Synanthedon andrenaeformis,Synanthedon andrenaeformis,604
1940744,Sesiidae,Synanthedon,Synanthedon culiciformis,Synanthedon culiciformis,715
1940598,Sesiidae,Synanthedon,Synanthedon flaviventris,Synanthedon flaviventris,228
1940510,Sesiidae,Synanthedon,Synanthedon formicaeformis,Synanthedon formicaeformis,1000
4525777,Sesiidae,Synanthedon,Synanthedon myopaeformis,Synanthedon myopaeformis,1000
1940639,Sesiidae,Synanthedon,Synanthedon scoliaeformis,Synanthedon scoliaeformis,409
1940768,Sesiidae,Synanthedon,Synanthedon spheciformis,Synanthedon spheciformis,851
1940575,Sesiidae,Synanthedon,Synanthedon tipuliformis,Synanthedon tipuliformis,1000
1940644,Sesiidae,Synanthedon,Synanthedon vespiformis,Synanthedon vespiformis,1000
1861510,Sphingidae,Acherontia,Acherontia atropos,Acherontia atropos,1000
5123636,Sphingidae,Agrius,Agrius cingulata,Agrius cingulata,1000
1861644,Sphingidae,Agrius,Agrius convolvuli,Agrius convolvuli,1000
1862401,Sphingidae,Daphnis,Daphnis nerii,Daphnis nerii,1000
1864377,Sphingidae,Deilephila,Deilephila elpenor,Deilephila elpenor,1000
1864358,Sphingidae,Deilephila,Deilephila porcellus,Deilephila porcellus,1000
1861797,Sphingidae,Hemaris,Hemaris fuciformis,Hemaris fuciformis,1000
1861862,Sphingidae,Hemaris,Hemaris tityus,Hemaris tityus,1000
1862293,Sphingidae,Hippotion,Hippotion celerio,Hippotion celerio,1000
1862719,Sphingidae,Hyles,Hyles euphorbiae,Hyles euphorbiae,1000
1862837,Sphingidae,Hyles,Hyles gallii,Hyles gallii,1000
1862774,Sphingidae,Hyles,Hyles hippophaes,Hyles hippophaes,59
1862841,Sphingidae,Hyles,Hyles lineata,Hyles lineata,1000
1862765,Sphingidae,Hyles,Hyles livornica,Hyles livornica,1000
1862686,Sphingidae,Hyles,Hyles nicaea,Hyles nicaea,18
5124007,Sphingidae,Laothoe,Laothoe populi,Laothoe populi,1000
1864652,Sphingidae,Macroglossum,Macroglossum stellatarum,Macroglossum stellatarum,1000
1864008,Sphingidae,Manduca,Manduca quinquemaculatus,Manduca quinquemaculatus,1000
1864021,Sphingidae,Manduca,Manduca rustica,Manduca rustica,1000
1863978,Sphingidae,Manduca,Manduca sexta,Manduca sexta,1000
5123922,Sphingidae,Mimas,Mimas tiliae,Mimas tiliae,1000
5124071,Sphingidae,Nephele,Nephele accentifera,Nephele accentifera,37
1864161,Sphingidae,Proserpinus,Proserpinus proserpina,Proserpinus proserpina,1000
1862580,Sphingidae,Smerinthus,Smerinthus ocellata,Smerinthus ocellata,1000
5124208,Sphingidae,Sphinx,Sphinx drupiferarum,Sphinx drupiferarum,350
5124143,Sphingidae,Sphinx,Sphinx ligustri,Sphinx ligustri,1000
5124233,Sphingidae,Sphinx,Sphinx pinastri,Sphinx pinastri,1000
8403618,Zygaenidae,Adscita,Adscita geryon,Adscita geryon,28
4522753,Zygaenidae,Adscita,Adscita statices,Adscita statices,1000
5768179,Zygaenidae,Jordanita,Jordanita globulariae,Jordanita globulariae,467
5105642,Zygaenidae,Sinica,Pryeria sinica,Sinica sinica,170
7955974,Zygaenidae,Zygaena,Zygaena exulans,Zygaena exulans,972
5107219,Zygaenidae,Zygaena,Zygaena filipendulae,Zygaena filipendulae,1000
8426357,Zygaenidae,Zygaena,Zygaena lonicerae,Zygaena lonicerae,1000
7674502,Zygaenidae,Zygaena,Zygaena loti,Zygaena loti,1000
7410701,Zygaenidae,Zygaena,Zygaena purpuralis,Zygaena purpuralis,450
7761138,Zygaenidae,Zygaena,Zygaena trifolii,Zygaena trifolii,1000
5107644,Zygaenidae,Zygaena,Zygaena viciae,Zygaena viciae,1000
