accepted_taxon_key,order_name,family_name,genus_name,search_species_name,gbif_species_name,confidence,status,match_type,rank,source,image_count
1731598,Lepidoptera,Cossidae,Phragmataecia,Phragmataecia castaneae,Phragmataecia castaneae,99,ACCEPTED,EXACT,SPECIES,london31May2023,921.0
1952130,Lepidoptera,Drepanidae,Cymatophorina,Cymatophorina diluta,Cymatophorina diluta,98,ACCEPTED,EXACT,SPECIES,london31May2023,928.0
1952532,Lepidoptera,Drepanidae,Ochropacha,Ochropacha duplaris,Ochropacha duplaris,99,ACCEPTED,EXACT,SPECIES,london31May2023,939.0
1951713,Lepidoptera,Drepanidae,Polyploca,Polyploca ridens,Polyploca ridens,99,ACCEPTED,EXACT,SPECIES,london31May2023,0.0
1952449,Lepidoptera,Drepanidae,Sabra,Sabra harpagula,Sabra harpagula,99,ACCEPTED,EXACT,SPECIES,london31May2023,0.0
5143048,Lepidoptera,Drepanidae,Tethea,Tethea ocularis,Tethea ocularis,99,ACCEPTED,EXACT,SPECIES,london31May2023,0.0
5142971,Lepidoptera,Drepanidae,Tethea,Tethea or,Tethea or,99,ACCEPTED,EXACT,SPECIES,london31May2023,0.0
1951649,Lepidoptera,Drepanidae,Tetheella,Tetheella fluctuosa,Tetheella fluctuosa,99,ACCEPTED,EXACT,SPECIES,london31May2023,0.0
5142870,Lepidoptera,Drepanidae,Thyatira,Thyatira batis,Thyatira batis,99,ACCEPTED,EXACT,SPECIES,london31May2023,0.0
1952806,Lepidoptera,Drepanidae,Watsonalla,Watsonalla binaria,Watsonalla binaria,99,ACCEPTED,EXACT,SPECIES,london31May2023,0.0
1952812,Lepidoptera,Drepanidae,Watsonalla,Watsonalla cultraria,Watsonalla cultraria,99,ACCEPTED,EXACT,SPECIES,london31May2023,0.0
1785105,Lepidoptera,Erebidae,Anomis,Anomis sabulifera,Anomis sabulifera,99,ACCEPTED,EXACT,SPECIES,london31May2023,102.0
1803273,Lepidoptera,Erebidae,Antichloris,Antichloris caca,Antichloris caca,99,ACCEPTED,EXACT,SPECIES,london31May2023,0.0
1803266,Lepidoptera,Erebidae,Antichloris,Antichloris eriphia,Antichloris eriphia,98,ACCEPTED,EXACT,SPECIES,london31May2023,41.0
1803261,Lepidoptera,Erebidae,Antichloris,Antichloris viridis,Antichloris viridis,98,ACCEPTED,EXACT,SPECIES,london31May2023,10.0
1788635,Lepidoptera,Erebidae,Catephia,Catephia alchymista,Catephia alchymista,99,ACCEPTED,EXACT,SPECIES,london31May2023,333.0
1797527,Lepidoptera,Erebidae,Catocala,Catocala conjuncta,Catocala coniuncta,97,ACCEPTED,FUZZY,SPECIES,london31May2023,368.0
8756768,Lepidoptera,Erebidae,Catocala,Catocala electa,Catocala electa,99,ACCEPTED,EXACT,SPECIES,london31May2023,266.0
1797276,Lepidoptera,Erebidae,Catocala,Catocala elocata,Catocala elocata,99,ACCEPTED,EXACT,SPECIES,london31May2023,721.0
1797333,Lepidoptera,Erebidae,Catocala,Catocala nymphagoga,Catocala nymphagoga,99,ACCEPTED,EXACT,SPECIES,london31May2023,536.0
8193562,Lepidoptera,Erebidae,Clytie,Clytie illunaris,Clytie illunaris,99,ACCEPTED,EXACT,SPECIES,london31May2023,163.0
5117200,Lepidoptera,Erebidae,Coscinia,Coscinia striata,Coscinia striata,98,ACCEPTED,EXACT,SPECIES,london31May2023,213.0
1814630,Lepidoptera,Erebidae,Dysauxes,Dysauxes ancilla,Dysauxes ancilla,99,ACCEPTED,EXACT,SPECIES,london31May2023,375.0
5116669,Lepidoptera,Erebidae,Eilema,Eilema pygmaeola,Eilema pygmaeola,99,ACCEPTED,EXACT,SPECIES,london31May2023,336.0
4532253,Lepidoptera,Noctuidae,Eublemma,Eublemma minutata,Eublemma minutata,99,ACCEPTED,EXACT,SPECIES,london31May2023,102.0
4532203,Lepidoptera,Noctuidae,Eublemma,Eublemma ostrina,Eublemma ostrina,99,ACCEPTED,EXACT,SPECIES,london31May2023,338.0
4532206,Lepidoptera,Noctuidae,Eublemma,Eublemma parva,Eublemma parva,98,ACCEPTED,EXACT,SPECIES,london31May2023,295.0
4532239,Lepidoptera,Noctuidae,Eublemma,Eublemma purpurina,Eublemma purpurina,99,ACCEPTED,EXACT,SPECIES,london31May2023,687.0
5117791,Lepidoptera,Erebidae,Euchromia,Euchromia lethe,Euchromia lethe,99,ACCEPTED,EXACT,SPECIES,london31May2023,74.0
1786985,Lepidoptera,Erebidae,Grammodes,Grammodes bifasciata,Grammodes bifasciata,99,ACCEPTED,EXACT,SPECIES,london31May2023,164.0
1786980,Lepidoptera,Erebidae,Grammodes,Grammodes stolida,Grammodes stolida,99,ACCEPTED,EXACT,SPECIES,london31May2023,211.0
11125040,Lepidoptera,Erebidae,Halysidota,Halysidota moeschleri,Halysidota moeschleri,99,ACCEPTED,EXACT,SPECIES,london31May2023,0.0
5113078,Lepidoptera,Erebidae,Herminia,Herminia grisealis,Herminia grisealis,99,ACCEPTED,EXACT,SPECIES,london31May2023,0.0
5113084,Lepidoptera,Erebidae,Herminia,Herminia tarsicrinalis,Herminia tarsicrinalis,98,ACCEPTED,EXACT,SPECIES,london31May2023,0.0
5113234,Lepidoptera,Erebidae,Herminia,Herminia tarsipennalis,Herminia tarsipennalis,99,ACCEPTED,EXACT,SPECIES,london31May2023,0.0
4532357,Lepidoptera,Erebidae,Hypena,Hypena crassalis,Hypena crassalis,98,ACCEPTED,EXACT,SPECIES,london31May2023,0.0
4532352,Lepidoptera,Erebidae,Hypena,Hypena lividalis,Hypena lividalis,99,ACCEPTED,EXACT,SPECIES,london31May2023,0.0
4532351,Lepidoptera,Erebidae,Hypena,Hypena obesalis,Hypena obesalis,98,ACCEPTED,EXACT,SPECIES,london31May2023,0.0
1798802,Lepidoptera,Erebidae,Hypena,Hypena obsitalis,Hypena obsitalis,99,ACCEPTED,EXACT,SPECIES,london31May2023,0.0
1798807,Lepidoptera,Erebidae,Hypena,Hypena proboscidalis,Hypena proboscidalis,99,ACCEPTED,EXACT,SPECIES,london31May2023,0.0
1798594,Lepidoptera,Erebidae,Hypena,Hypena rostralis,Hypena rostralis,99,ACCEPTED,EXACT,SPECIES,london31May2023,0.0
1799708,Lepidoptera,Erebidae,Hypenodes,Hypenodes humidalis,Hypenodes humidalis,99,ACCEPTED,EXACT,SPECIES,london31May2023,0.0
1811079,Lepidoptera,Erebidae,Hypercompe,Hypercompe scribonia,Hypercompe scribonia,99,ACCEPTED,EXACT,SPECIES,london31May2023,0.0
1817797,Lepidoptera,Erebidae,Hyphantria,Hyphantria cunea,Hyphantria cunea,99,ACCEPTED,EXACT,SPECIES,london31May2023,0.0
1816889,Lepidoptera,Erebidae,Hyphoraia,Hyphoraia testudinaria,Hyphoraia testudinaria,99,ACCEPTED,EXACT,SPECIES,london31May2023,0.0
9407200,Lepidoptera,Erebidae,Idia,Idia aemula,Idia aemula,99,ACCEPTED,EXACT,SPECIES,london31May2023,0.0
9627917,Lepidoptera,Erebidae,Idia,Idia lubricalis,Idia lubricalis,99,ACCEPTED,EXACT,SPECIES,london31May2023,0.0
8326103,Lepidoptera,Erebidae,Laelia,Laelia coenosa,Laelia coenosa,99,ACCEPTED,EXACT,SPECIES,london31May2023,0.0
1769103,Lepidoptera,Erebidae,Laspeyria,Laspeyria flexula,Laspeyria flexula,99,ACCEPTED,EXACT,SPECIES,london31May2023,0.0
1820039,Lepidoptera,Erebidae,Leucoma,Leucoma salicis,Leucoma salicis,99,ACCEPTED,EXACT,SPECIES,london31May2023,0.0
5115771,Lepidoptera,Erebidae,Lithosia,Lithosia quadra,Lithosia quadra,99,ACCEPTED,EXACT,SPECIES,london31May2023,0.0
4532412,Lepidoptera,Erebidae,Lygephila,Lygephila craccae,Lygephila craccae,99,ACCEPTED,EXACT,SPECIES,london31May2023,0.0
4532405,Lepidoptera,Erebidae,Lygephila,Lygephila pastinum,Lygephila pastinum,99,ACCEPTED,EXACT,SPECIES,london31May2023,0.0
1820406,Lepidoptera,Erebidae,Lymantria,Lymantria dispar,Lymantria dispar,99,ACCEPTED,EXACT,SPECIES,london31May2023,0.0
1820372,Lepidoptera,Erebidae,Lymantria,Lymantria monacha,Lymantria monacha,99,ACCEPTED,EXACT,SPECIES,london31May2023,0.0
5771982,Lepidoptera,Erebidae,Macrochilo,Macrochilo cribrumalis,Macrochilo cribrumalis,99,ACCEPTED,EXACT,SPECIES,london31May2023,0.0
1813114,Lepidoptera,Erebidae,Miltochrista,Miltochrista miniata,Miltochrista miniata,99,ACCEPTED,EXACT,SPECIES,london31May2023,0.0
1790816,Lepidoptera,Erebidae,Minucia,Minucia lunaris,Minucia lunaris,99,ACCEPTED,EXACT,SPECIES,london31May2023,0.0
5116416,Lepidoptera,Erebidae,Nudaria,Nudaria mundana,Nudaria mundana,99,ACCEPTED,EXACT,SPECIES,london31May2023,0.0
1788553,Lepidoptera,Erebidae,Ophiusa,Ophiusa tirhaca,Ophiusa tirhaca,99,ACCEPTED,EXACT,SPECIES,london31May2023,0.0
1819873,Lepidoptera,Erebidae,Orgyia,Orgyia antiqua,Orgyia antiqua,99,ACCEPTED,EXACT,SPECIES,london31May2023,0.0
7657803,Lepidoptera,Erebidae,Orgyia,Orgyia recens,Orgyia recens,99,ACCEPTED,EXACT,SPECIES,london31May2023,0.0
4532453,Lepidoptera,Erebidae,Pandesma,Pandesma robusta,Pandesma robusta,99,ACCEPTED,EXACT,SPECIES,london31May2023,0.0
4532516,Lepidoptera,Erebidae,Paracolax,Paracolax tristalis,Paracolax tristalis,99,ACCEPTED,EXACT,SPECIES,london31May2023,0.0
1780150,Lepidoptera,Erebidae,Parascotia,Parascotia fuliginaria,Parascotia fuliginaria,99,ACCEPTED,EXACT,SPECIES,london31May2023,0.0
1808752,Lepidoptera,Erebidae,Parasemia,Parasemia plantaginis,Parasemia plantaginis,99,ACCEPTED,EXACT,SPECIES,london31May2023,0.0
4532500,Lepidoptera,Erebidae,Pechipogo,Pechipogo plumigeralis,Pechipogo plumigeralis,99,ACCEPTED,EXACT,SPECIES,london31May2023,0.0
1772793,Lepidoptera,Erebidae,Pechipogo,Pechipogo strigilata,Pechipogo strigilata,99,ACCEPTED,EXACT,SPECIES,london31May2023,0.0
5117400,Lepidoptera,Erebidae,Pelosia,Pelosia muscerda,Pelosia muscerda,99,ACCEPTED,EXACT,SPECIES,london31May2023,0.0
5117399,Lepidoptera,Erebidae,Pelosia,Pelosia obtusa,Pelosia obtusa,99,ACCEPTED,EXACT,SPECIES,london31May2023,0.0
1804071,Lepidoptera,Erebidae,Phragmatobia,Phragmatobia fuliginosa,Phragmatobia fuliginosa,99,ACCEPTED,EXACT,SPECIES,london31May2023,0.0
1760246,Lepidoptera,Erebidae,Phytometra,Phytometra viridaria,Phytometra viridaria,98,ACCEPTED,EXACT,SPECIES,london31May2023,0.0
1807881,Lepidoptera,Erebidae,Pyrrharctia,Pyrrharctia isabella,Pyrrharctia isabella,99,ACCEPTED,EXACT,SPECIES,london31May2023,0.0
1769897,Lepidoptera,Erebidae,Rivula,Rivula sericealis,Rivula sericealis,99,ACCEPTED,EXACT,SPECIES,london31May2023,0.0
5113036,Lepidoptera,Erebidae,Schrankia,Schrankia costaestrigalis,Schrankia costaestrigalis,99,ACCEPTED,EXACT,SPECIES,london31May2023,0.0
5113002,Lepidoptera,Erebidae,Schrankia,Schrankia intermedialis,Schrankia intermedialis,99,ACCEPTED,EXACT,SPECIES,london31May2023,0.0
5113030,Lepidoptera,Erebidae,Schrankia,Schrankia taenialis,Schrankia taenialis,99,ACCEPTED,EXACT,SPECIES,london31May2023,0.0
1798449,Lepidoptera,Erebidae,Scoliopteryx,Scoliopteryx libatrix,Scoliopteryx libatrix,99,ACCEPTED,EXACT,SPECIES,london31May2023,0.0
5116475,Lepidoptera,Erebidae,Setina,Setina irrorella,Setina irrorella,99,ACCEPTED,EXACT,SPECIES,london31May2023,0.0
1811896,Lepidoptera,Erebidae,Spilosoma,Spilosoma lubricipeda,Spilosoma lubricipeda,98,ACCEPTED,EXACT,SPECIES,london31May2023,0.0
1811789,Lepidoptera,Erebidae,Spilosoma,Spilosoma lutea,Spilosoma lutea,99,ACCEPTED,EXACT,SPECIES,london31May2023,0.0
1812394,Lepidoptera,Erebidae,Spilosoma,Spilosoma urticae,Spilosoma urticae,99,ACCEPTED,EXACT,SPECIES,london31May2023,0.0
1765751,Lepidoptera,Noctuidae,Tathorhynchus,Tathorhynchus exsiccata,Tathorhynchus exsiccata,99,ACCEPTED,EXACT,SPECIES,london31May2023,335.0
1807206,Lepidoptera,Erebidae,Thumatha,Thumatha senex,Thumatha senex,99,ACCEPTED,EXACT,SPECIES,london31May2023,0.0
1798346,Lepidoptera,Erebidae,Trisateles,Trisateles emortualis,Trisateles emortualis,99,ACCEPTED,EXACT,SPECIES,london31May2023,0.0
5115777,Lepidoptera,Erebidae,Tyria,Tyria jacobaeae,Tyria jacobaeae,99,ACCEPTED,EXACT,SPECIES,london31May2023,0.0
1803218,Lepidoptera,Erebidae,Utetheisa,Utetheisa bella,Utetheisa ornatrix,99,SYNONYM,EXACT,SPECIES,london31May2023,0.0
1803163,Lepidoptera,Erebidae,Utetheisa,Utetheisa pulchella,Utetheisa pulchella,99,ACCEPTED,EXACT,SPECIES,london31May2023,0.0
4532508,Lepidoptera,Erebidae,Zanclognatha,Zanclognatha lunalis,Zanclognatha lunalis,99,ACCEPTED,EXACT,SPECIES,london31May2023,0.0
4532510,Lepidoptera,Erebidae,Zanclognatha,Zanclognatha zelleralis,Zanclognatha zelleralis,99,ACCEPTED,EXACT,SPECIES,london31May2023,0.0
1967803,Lepidoptera,Geometridae,Abraxas,Abraxas pantaria,Abraxas pantaria,99,ACCEPTED,EXACT,SPECIES,london31May2023,77.0
1973327,Lepidoptera,Geometridae,Adactylotis,Adactylotis contaminaria,Adactylotis contaminaria,99,ACCEPTED,EXACT,SPECIES,london31May2023,58.0
5143477,Lepidoptera,Geometridae,Alcis,Alcis jubata,Alcis jubata,99,ACCEPTED,EXACT,SPECIES,london31May2023,680.0
4524403,Lepidoptera,Geometridae,Aleucis,Aleucis distinctata,Aleucis distinctata,99,ACCEPTED,EXACT,SPECIES,london31May2023,772.0
1975571,Lepidoptera,Geometridae,Anticollix,Anticollix sparsata,Anticollix sparsata,99,ACCEPTED,EXACT,SPECIES,london31May2023,956.0
5149474,Lepidoptera,Geometridae,Aplasta,Aplasta ononaria,Aplasta ononaria,99,ACCEPTED,EXACT,SPECIES,london31May2023,375.0
1984949,Lepidoptera,Geometridae,Aplocera,Aplocera praeformata,Aplocera praeformata,99,ACCEPTED,EXACT,SPECIES,london31May2023,665.0
8329661,Lepidoptera,Geometridae,Archiearis,Archiearis notha,Archiearis notha,99,ACCEPTED,EXACT,SPECIES,london31May2023,944.0
1967273,Lepidoptera,Geometridae,Aspitates,Aspitates gilvaria,Aspitates gilvaria,99,ACCEPTED,EXACT,SPECIES,london31May2023,235.0
1978977,Lepidoptera,Geometridae,Carsia,Carsia sororiata,Carsia sororiata,98,ACCEPTED,EXACT,SPECIES,london31May2023,651.0
1964191,Lepidoptera,Geometridae,Catarhoe,Catarhoe rubidata,Catarhoe rubidata,99,ACCEPTED,EXACT,SPECIES,london31May2023,873.0
4524951,Lepidoptera,Geometridae,Charissa,Charissa obscurata,Charissa obscurata,99,ACCEPTED,EXACT,SPECIES,london31May2023,183.0
1962990,Lepidoptera,Geometridae,Chesias,Chesias legatella,Chesias legatella,99,ACCEPTED,EXACT,SPECIES,london31May2023,0.0
1962972,Lepidoptera,Geometridae,Chesias,Chesias rufata,Chesias rufata,99,ACCEPTED,EXACT,SPECIES,london31May2023,0.0
9220953,Lepidoptera,Geometridae,Chiasmia,Chiasmia aestimaria,Chiasmia aestimaria,99,ACCEPTED,EXACT,SPECIES,london31May2023,0.0
4525078,Lepidoptera,Geometridae,Chiasmia,Chiasmia clathrata,Chiasmia clathrata,98,ACCEPTED,EXACT,SPECIES,london31May2023,0.0
1961037,Lepidoptera,Geometridae,Chlorissa,Chlorissa cloraria,Chlorissa cloraria,99,ACCEPTED,EXACT,SPECIES,london31May2023,0.0
1961040,Lepidoptera,Geometridae,Chlorissa,Chlorissa viridata,Chlorissa viridata,99,ACCEPTED,EXACT,SPECIES,london31May2023,0.0
5806132,Lepidoptera,Geometridae,Chlorochlamys,Chlorochlamys chloroleucaria,Chlorochlamys chloroleucaria,99,ACCEPTED,EXACT,SPECIES,london31May2023,0.0
1963463,Lepidoptera,Geometridae,Chloroclysta,Chloroclysta miata,Chloroclysta miata,99,ACCEPTED,EXACT,SPECIES,london31May2023,0.0
1963446,Lepidoptera,Geometridae,Chloroclysta,Chloroclysta siterata,Chloroclysta siterata,99,ACCEPTED,EXACT,SPECIES,london31May2023,0.0
1989428,Lepidoptera,Geometridae,Chloroclystis,Chloroclystis v-ata,Chloroclystis v-ata,99,ACCEPTED,EXACT,SPECIES,london31May2023,0.0
5768880,Lepidoptera,Geometridae,Cidaria,Cidaria fulvata,Cidaria fulvata,98,ACCEPTED,EXACT,SPECIES,london31May2023,0.0
5769028,Lepidoptera,Geometridae,Cleora,Cleora cinctaria,Cleora cinctaria,99,ACCEPTED,EXACT,SPECIES,london31May2023,0.0
1985522,Lepidoptera,Geometridae,Cleorodes,Cleorodes lichenaria,Cleorodes lichenaria,99,ACCEPTED,EXACT,SPECIES,london31May2023,0.0
1988504,Lepidoptera,Geometridae,Coenocalpe,Coenocalpe lapidata,Coenocalpe lapidata,99,ACCEPTED,EXACT,SPECIES,london31May2023,0.0
9414984,Lepidoptera,Geometridae,Nebula,Coenotephria salicata,Nebula salicata,98,SYNONYM,EXACT,SPECIES,london31May2023,0.0
1988602,Lepidoptera,Geometridae,Colostygia,Colostygia multistrigaria,Colostygia multistrigaria,99,ACCEPTED,EXACT,SPECIES,london31May2023,0.0
1988684,Lepidoptera,Geometridae,Colostygia,Colostygia olivata,Colostygia olivata,99,ACCEPTED,EXACT,SPECIES,london31May2023,0.0
1988593,Lepidoptera,Geometridae,Colostygia,Colostygia pectinataria,Colostygia pectinataria,99,ACCEPTED,EXACT,SPECIES,london31May2023,0.0
1968867,Lepidoptera,Geometridae,Colotois,Colotois pennaria,Colotois pennaria,99,ACCEPTED,EXACT,SPECIES,london31May2023,0.0
4523522,Lepidoptera,Geometridae,Comibaena,Comibaena bajularia,Comibaena bajularia,99,ACCEPTED,EXACT,SPECIES,london31May2023,0.0
1970213,Lepidoptera,Geometridae,Cosmorhoe,Cosmorhoe ocellata,Cosmorhoe ocellata,99,ACCEPTED,EXACT,SPECIES,london31May2023,0.0
4524223,Lepidoptera,Geometridae,Costaconvexa,Costaconvexa centrostrigaria,Costaconvexa centrostrigaria,99,ACCEPTED,EXACT,SPECIES,london31May2023,0.0
4524221,Lepidoptera,Geometridae,Costaconvexa,Costaconvexa polygrammata,Costaconvexa polygrammata,99,ACCEPTED,EXACT,SPECIES,london31May2023,0.0
1990533,Lepidoptera,Geometridae,Crocallis,Crocallis dardoinaria,Crocallis dardoinaria,99,ACCEPTED,EXACT,SPECIES,london31May2023,0.0
1990551,Lepidoptera,Geometridae,Crocallis,Crocallis elinguaria,Crocallis elinguaria,98,ACCEPTED,EXACT,SPECIES,london31May2023,0.0
5149746,Lepidoptera,Geometridae,Cyclophora,Cyclophora albipunctata,Cyclophora albipunctata,99,ACCEPTED,EXACT,SPECIES,london31May2023,0.0
5149768,Lepidoptera,Geometridae,Cyclophora,Cyclophora annularia,Cyclophora annularia,99,ACCEPTED,EXACT,SPECIES,london31May2023,0.0
7443518,Lepidoptera,Geometridae,Cyclophora,Cyclophora linearia,Cyclophora linearia,98,ACCEPTED,EXACT,SPECIES,london31May2023,0.0
5149704,Lepidoptera,Geometridae,Cyclophora,Cyclophora pendularia,Cyclophora pendularia,98,ACCEPTED,EXACT,SPECIES,london31May2023,0.0
5149659,Lepidoptera,Geometridae,Cyclophora,Cyclophora porata,Cyclophora porata,99,ACCEPTED,EXACT,SPECIES,london31May2023,0.0
5149665,Lepidoptera,Geometridae,Cyclophora,Cyclophora punctaria,Cyclophora punctaria,99,ACCEPTED,EXACT,SPECIES,london31May2023,0.0
5149787,Lepidoptera,Geometridae,Cyclophora,Cyclophora puppillaria,Cyclophora puppillaria,99,ACCEPTED,EXACT,SPECIES,london31May2023,0.0
5149784,Lepidoptera,Geometridae,Cyclophora,Cyclophora ruficiliaria,Cyclophora ruficiliaria,99,ACCEPTED,EXACT,SPECIES,london31May2023,0.0
1978821,Lepidoptera,Geometridae,Deileptenia,Deileptenia ribeata,Deileptenia ribeata,99,ACCEPTED,EXACT,SPECIES,london31May2023,0.0
1959467,Lepidoptera,Geometridae,Dyscia,Dyscia fagaria,Dyscia fagaria,99,ACCEPTED,EXACT,SPECIES,london31May2023,0.0
1962516,Lepidoptera,Geometridae,Dysstroma,Dysstroma citrata,Dysstroma citrata,99,ACCEPTED,EXACT,SPECIES,london31May2023,0.0
1962434,Lepidoptera,Geometridae,Dysstroma,Dysstroma truncata,Dysstroma truncata,98,ACCEPTED,EXACT,SPECIES,london31May2023,0.0
8160782,Lepidoptera,Geometridae,Anticlea,Earophila badiata,Anticlea badiata,99,SYNONYM,EXACT,SPECIES,london31May2023,0.0
1978445,Lepidoptera,Geometridae,Ecliptopera,Ecliptopera silaceata,Ecliptopera silaceata,99,ACCEPTED,EXACT,SPECIES,london31May2023,0.0
8421569,Lepidoptera,Geometridae,Ectropis,Ectropis crepuscularia,Ectropis crepuscularia,98,ACCEPTED,EXACT,SPECIES,london31May2023,0.0
1976163,Lepidoptera,Geometridae,Electrophaes,Electrophaes corylata,Electrophaes corylata,99,ACCEPTED,EXACT,SPECIES,london31May2023,0.0
1956440,Lepidoptera,Geometridae,Ematurga,Ematurga atomaria,Ematurga atomaria,99,ACCEPTED,EXACT,SPECIES,london31May2023,0.0
1957845,Lepidoptera,Geometridae,Ennomos,Ennomos alniaria,Ennomos alniaria,98,ACCEPTED,EXACT,SPECIES,london31May2023,0.0
1957854,Lepidoptera,Geometridae,Ennomos,Ennomos autumnaria,Ennomos autumnaria,98,ACCEPTED,EXACT,SPECIES,london31May2023,0.0
4524426,Lepidoptera,Geometridae,Ennomos,Ennomos erosaria,Ennomos erosaria,99,ACCEPTED,EXACT,SPECIES,london31May2023,0.0
4524421,Lepidoptera,Geometridae,Ennomos,Ennomos fuscantaria,Ennomos fuscantaria,99,ACCEPTED,EXACT,SPECIES,london31May2023,0.0
4524424,Lepidoptera,Geometridae,Ennomos,Ennomos quercaria,Ennomos quercaria,99,ACCEPTED,EXACT,SPECIES,london31May2023,0.0
1957852,Lepidoptera,Geometridae,Ennomos,Ennomos quercinaria,Ennomos quercinaria,98,ACCEPTED,EXACT,SPECIES,london31May2023,0.0
1957870,Lepidoptera,Geometridae,Ennomos,Ennomos subsignaria,Ennomos subsignaria,99,ACCEPTED,EXACT,SPECIES,london31May2023,0.0
5149499,Lepidoptera,Geometridae,Entephria,Entephria caesiata,Entephria caesiata,99,ACCEPTED,EXACT,SPECIES,london31May2023,0.0
7769543,Lepidoptera,Geometridae,Entephria,Entephria flavicinctata,Entephria flavicinctata,99,ACCEPTED,EXACT,SPECIES,london31May2023,0.0
1975546,Lepidoptera,Geometridae,Epione,Epione repandaria,Epione repandaria,99,ACCEPTED,EXACT,SPECIES,london31May2023,0.0
1975553,Lepidoptera,Geometridae,Epione,Epione vespertaria,Epione vespertaria,98,ACCEPTED,EXACT,SPECIES,london31May2023,0.0
8361848,Lepidoptera,Geometridae,Epirrhoe,Epirrhoe alternata,Epirrhoe alternata,99,ACCEPTED,EXACT,SPECIES,london31May2023,0.0
1964637,Lepidoptera,Geometridae,Epirrhoe,Epirrhoe galiata,Epirrhoe galiata,99,ACCEPTED,EXACT,SPECIES,london31May2023,0.0
1964657,Lepidoptera,Geometridae,Epirrhoe,Epirrhoe rivata,Epirrhoe rivata,99,ACCEPTED,EXACT,SPECIES,london31May2023,0.0
1964653,Lepidoptera,Geometridae,Epirrhoe,Epirrhoe tristata,Epirrhoe tristata,99,ACCEPTED,EXACT,SPECIES,london31May2023,0.0
4523560,Lepidoptera,Geometridae,Epirrita,Epirrita autumnata,Epirrita autumnata,99,ACCEPTED,EXACT,SPECIES,london31May2023,0.0
4523556,Lepidoptera,Geometridae,Epirrita,Epirrita christyi,Epirrita christyi,99,ACCEPTED,EXACT,SPECIES,london31May2023,0.0
4523564,Lepidoptera,Geometridae,Epirrita,Epirrita dilutata,Epirrita dilutata,99,ACCEPTED,EXACT,SPECIES,london31May2023,0.0
4523558,Lepidoptera,Geometridae,Epirrita,Epirrita filigrammaria,Epirrita filigrammaria,99,ACCEPTED,EXACT,SPECIES,london31May2023,0.0
1956599,Lepidoptera,Geometridae,Erannis,Erannis defoliaria,Erannis defoliaria,99,ACCEPTED,EXACT,SPECIES,london31May2023,0.0
1988881,Lepidoptera,Geometridae,Euchoeca,Euchoeca nebulata,Euchoeca nebulata,99,ACCEPTED,EXACT,SPECIES,london31May2023,0.0
1965777,Lepidoptera,Geometridae,Eulithis,Eulithis mellinata,Eulithis mellinata,99,ACCEPTED,EXACT,SPECIES,london31May2023,0.0
1965795,Lepidoptera,Geometridae,Eulithis,Eulithis populata,Eulithis populata,98,ACCEPTED,EXACT,SPECIES,london31May2023,0.0
1965825,Lepidoptera,Geometridae,Eulithis,Eulithis prunata,Eulithis prunata,99,ACCEPTED,EXACT,SPECIES,london31May2023,0.0
1965763,Lepidoptera,Geometridae,Eulithis,Eulithis testata,Eulithis testata,98,ACCEPTED,EXACT,SPECIES,london31May2023,0.0
1965208,Lepidoptera,Geometridae,Euphyia,Euphyia biangulata,Euphyia biangulata,99,ACCEPTED,EXACT,SPECIES,london31May2023,0.0
1965166,Lepidoptera,Geometridae,Euphyia,Euphyia unangulata,Euphyia unangulata,99,ACCEPTED,EXACT,SPECIES,london31May2023,0.0
1984117,Lepidoptera,Geometridae,Eupithecia,Eupithecia abbreviata,Eupithecia abbreviata,99,ACCEPTED,EXACT,SPECIES,london31May2023,0.0
1983997,Lepidoptera,Geometridae,Eupithecia,Eupithecia abietaria,Eupithecia abietaria,99,ACCEPTED,EXACT,SPECIES,london31May2023,0.0
1983896,Lepidoptera,Geometridae,Eupithecia,Eupithecia absinthiata,Eupithecia absinthiata,98,ACCEPTED,EXACT,SPECIES,london31May2023,0.0
1982746,Lepidoptera,Geometridae,Eupithecia,Eupithecia assimilata,Eupithecia assimilata,99,ACCEPTED,EXACT,SPECIES,london31May2023,0.0
1984033,Lepidoptera,Geometridae,Eupithecia,Eupithecia breviculata,Eupithecia breviculata,99,ACCEPTED,EXACT,SPECIES,london31May2023,0.0
1983616,Lepidoptera,Geometridae,Eupithecia,Eupithecia cauchiata,Eupithecia cauchiata,99,ACCEPTED,EXACT,SPECIES,london31May2023,0.0
1983525,Lepidoptera,Geometridae,Eupithecia,Eupithecia centaureata,Eupithecia centaureata,99,ACCEPTED,EXACT,SPECIES,london31May2023,0.0
1983694,Lepidoptera,Geometridae,Eupithecia,Eupithecia denotata,Eupithecia denotata,98,ACCEPTED,EXACT,SPECIES,london31May2023,0.0
1983535,Lepidoptera,Geometridae,Eupithecia,Eupithecia distinctaria,Eupithecia distinctaria,99,ACCEPTED,EXACT,SPECIES,london31May2023,0.0
1983442,Lepidoptera,Geometridae,Eupithecia,Eupithecia dodoneata,Eupithecia dodoneata,98,ACCEPTED,EXACT,SPECIES,london31May2023,0.0
1983111,Lepidoptera,Geometridae,Eupithecia,Eupithecia egenaria,Eupithecia egenaria,98,ACCEPTED,EXACT,SPECIES,london31May2023,0.0
8262357,Lepidoptera,Geometridae,Eupithecia,Eupithecia exiguata,Eupithecia exiguata,99,ACCEPTED,EXACT,SPECIES,london31May2023,0.0
1982526,Lepidoptera,Geometridae,Eupithecia,Eupithecia expallidata,Eupithecia expallidata,99,ACCEPTED,EXACT,SPECIES,london31May2023,0.0
1982489,Lepidoptera,Geometridae,Eupithecia,Eupithecia extensaria,Eupithecia extensaria,99,ACCEPTED,EXACT,SPECIES,london31May2023,0.0
1982838,Lepidoptera,Geometridae,Eupithecia,Eupithecia haworthiata,Eupithecia haworthiata,99,ACCEPTED,EXACT,SPECIES,london31May2023,0.0
1982500,Lepidoptera,Geometridae,Eupithecia,Eupithecia icterata,Eupithecia icterata,99,ACCEPTED,EXACT,SPECIES,london31May2023,0.0
1983755,Lepidoptera,Geometridae,Eupithecia,Eupithecia indigata,Eupithecia indigata,99,ACCEPTED,EXACT,SPECIES,london31May2023,0.0
1983548,Lepidoptera,Geometridae,Eupithecia,Eupithecia innotata,Eupithecia innotata,98,ACCEPTED,EXACT,SPECIES,london31May2023,0.0
1983387,Lepidoptera,Geometridae,Eupithecia,Eupithecia insigniata,Eupithecia insigniata,99,ACCEPTED,EXACT,SPECIES,london31May2023,0.0
1983288,Lepidoptera,Geometridae,Eupithecia,Eupithecia intricata,Eupithecia intricata,99,ACCEPTED,EXACT,SPECIES,london31May2023,0.0
1983170,Lepidoptera,Geometridae,Eupithecia,Eupithecia inturbata,Eupithecia inturbata,99,ACCEPTED,EXACT,SPECIES,london31May2023,0.0
8394261,Lepidoptera,Geometridae,Eupithecia,Eupithecia irriguata,Eupithecia irriguata,99,ACCEPTED,EXACT,SPECIES,london31May2023,0.0
1982406,Lepidoptera,Geometridae,Eupithecia,Eupithecia lariciata,Eupithecia lariciata,98,ACCEPTED,EXACT,SPECIES,london31May2023,0.0
1983648,Lepidoptera,Geometridae,Eupithecia,Eupithecia linariata,Eupithecia linariata,99,ACCEPTED,EXACT,SPECIES,london31May2023,0.0
1983088,Lepidoptera,Geometridae,Eupithecia,Eupithecia massiliata,Eupithecia massiliata,99,ACCEPTED,EXACT,SPECIES,london31May2023,0.0
1982770,Lepidoptera,Geometridae,Eupithecia,Eupithecia millefoliata,Eupithecia millefoliata,98,ACCEPTED,EXACT,SPECIES,london31May2023,0.0
8015895,Lepidoptera,Geometridae,Eupithecia,Eupithecia nanata,Eupithecia nanata,98,ACCEPTED,EXACT,SPECIES,london31May2023,0.0
1983888,Lepidoptera,Geometridae,Eupithecia,Eupithecia phoeniceata,Eupithecia phoeniceata,99,ACCEPTED,EXACT,SPECIES,london31May2023,0.0
1982592,Lepidoptera,Geometridae,Eupithecia,Eupithecia pimpinellata,Eupithecia pimpinellata,98,ACCEPTED,EXACT,SPECIES,london31May2023,0.0
1983558,Lepidoptera,Geometridae,Eupithecia,Eupithecia plumbeolata,Eupithecia plumbeolata,98,ACCEPTED,EXACT,SPECIES,london31May2023,0.0
1983000,Lepidoptera,Geometridae,Eupithecia,Eupithecia pulchellata,Eupithecia pulchellata,99,ACCEPTED,EXACT,SPECIES,london31May2023,0.0
1982541,Lepidoptera,Geometridae,Eupithecia,Eupithecia pusillata,Eupithecia pusillata,98,ACCEPTED,EXACT,SPECIES,london31May2023,0.0
8026858,Lepidoptera,Geometridae,Eupithecia,Eupithecia pygmaeata,Eupithecia pygmaeata,99,ACCEPTED,EXACT,SPECIES,london31May2023,0.0
1983441,Lepidoptera,Geometridae,Eupithecia,Eupithecia satyrata,Eupithecia satyrata,98,ACCEPTED,EXACT,SPECIES,london31May2023,0.0
1983999,Lepidoptera,Geometridae,Eupithecia,Eupithecia simpliciata,Eupithecia simpliciata,99,ACCEPTED,EXACT,SPECIES,london31May2023,0.0
1983922,Lepidoptera,Geometridae,Eupithecia,Eupithecia sinuosaria,Eupithecia sinuosaria,99,ACCEPTED,EXACT,SPECIES,london31May2023,0.0
1983260,Lepidoptera,Geometridae,Eupithecia,Eupithecia subfuscata,Eupithecia subfuscata,99,ACCEPTED,EXACT,SPECIES,london31May2023,0.0
1982525,Lepidoptera,Geometridae,Eupithecia,Eupithecia subumbrata,Eupithecia subumbrata,98,ACCEPTED,EXACT,SPECIES,london31May2023,0.0
1982885,Lepidoptera,Geometridae,Eupithecia,Eupithecia succenturiata,Eupithecia succenturiata,99,ACCEPTED,EXACT,SPECIES,london31May2023,0.0
1982636,Lepidoptera,Geometridae,Eupithecia,Eupithecia tantillaria,Eupithecia tantillaria,99,ACCEPTED,EXACT,SPECIES,london31May2023,0.0
7752082,Lepidoptera,Geometridae,Eupithecia,Eupithecia tenuiata,Eupithecia tenuiata,99,ACCEPTED,EXACT,SPECIES,london31May2023,0.0
1983705,Lepidoptera,Geometridae,Eupithecia,Eupithecia tripunctaria,Eupithecia tripunctaria,99,ACCEPTED,EXACT,SPECIES,london31May2023,0.0
1983645,Lepidoptera,Geometridae,Eupithecia,Eupithecia trisignaria,Eupithecia trisignaria,99,ACCEPTED,EXACT,SPECIES,london31May2023,0.0
1983528,Lepidoptera,Geometridae,Eupithecia,Eupithecia ultimaria,Eupithecia ultimaria,98,ACCEPTED,EXACT,SPECIES,london31May2023,0.0
7993353,Lepidoptera,Geometridae,Eupithecia,Eupithecia valerianata,Eupithecia valerianata,99,ACCEPTED,EXACT,SPECIES,london31May2023,0.0
1983052,Lepidoptera,Geometridae,Eupithecia,Eupithecia venosata,Eupithecia venosata,98,ACCEPTED,EXACT,SPECIES,london31May2023,0.0
1982671,Lepidoptera,Geometridae,Eupithecia,Eupithecia virgaureata,Eupithecia virgaureata,99,ACCEPTED,EXACT,SPECIES,london31May2023,0.0
1982542,Lepidoptera,Geometridae,Eupithecia,Eupithecia vulgata,Eupithecia vulgata,98,ACCEPTED,EXACT,SPECIES,london31May2023,0.0
5149315,Lepidoptera,Geometridae,Eustroma,Eustroma reticulata,Eustroma reticulata,99,ACCEPTED,EXACT,SPECIES,london31May2023,0.0
1965640,Lepidoptera,Geometridae,Fagivorina,Fagivorina arenaria,Fagivorina arenaria,99,ACCEPTED,EXACT,SPECIES,london31May2023,0.0
5145870,Lepidoptera,Geometridae,Perizoma,Gagitodes sagittata,Perizoma sagittata,99,SYNONYM,EXACT,SPECIES,london31May2023,0.0
1965841,Lepidoptera,Geometridae,Eulithis,Gandaritis pyraliata,Eulithis pyraliata,99,SYNONYM,EXACT,SPECIES,london31May2023,0.0
5144534,Lepidoptera,Geometridae,Geometra,Geometra papilionaria,Geometra papilionaria,99,ACCEPTED,EXACT,SPECIES,london31May2023,0.0
1969291,Lepidoptera,Geometridae,Gnophos,Gnophos obfuscata,Gnophos obfuscata,99,ACCEPTED,EXACT,SPECIES,london31May2023,0.0
1992066,Lepidoptera,Geometridae,Gymnoscelis,Gymnoscelis rufifasciata,Gymnoscelis rufifasciata,99,ACCEPTED,EXACT,SPECIES,london31May2023,0.0
1991179,Lepidoptera,Geometridae,Hemistola,Hemistola chrysoprasaria,Hemistola chrysoprasaria,99,ACCEPTED,EXACT,SPECIES,london31May2023,0.0
1991371,Lepidoptera,Geometridae,Hemithea,Hemithea aestivaria,Hemithea aestivaria,99,ACCEPTED,EXACT,SPECIES,london31May2023,0.0
9099424,Lepidoptera,Geometridae,Horisme,Horisme aquata,Horisme aquata,99,ACCEPTED,EXACT,SPECIES,london31May2023,0.0
1971986,Lepidoptera,Geometridae,Horisme,Horisme radicaria,Horisme radicaria,99,ACCEPTED,EXACT,SPECIES,london31May2023,0.0
1971888,Lepidoptera,Geometridae,Horisme,Horisme tersata,Horisme tersata,99,ACCEPTED,EXACT,SPECIES,london31May2023,0.0
1971858,Lepidoptera,Geometridae,Horisme,Horisme vitalbata,Horisme vitalbata,98,ACCEPTED,EXACT,SPECIES,london31May2023,0.0
5146379,Lepidoptera,Geometridae,Hydrelia,Hydrelia flammeolaria,Hydrelia flammeolaria,99,ACCEPTED,EXACT,SPECIES,london31May2023,0.0
5146342,Lepidoptera,Geometridae,Hydrelia,Hydrelia sylvata,Hydrelia sylvata,99,ACCEPTED,EXACT,SPECIES,london31May2023,0.0
1979473,Lepidoptera,Geometridae,Hydriomena,Hydriomena furcata,Hydriomena furcata,99,ACCEPTED,EXACT,SPECIES,london31May2023,0.0
1979308,Lepidoptera,Geometridae,Hydriomena,Hydriomena impluviata,Hydriomena impluviata,99,ACCEPTED,EXACT,SPECIES,london31May2023,0.0
1979430,Lepidoptera,Geometridae,Hydriomena,Hydriomena ruberata,Hydriomena ruberata,98,ACCEPTED,EXACT,SPECIES,london31May2023,0.0
5143651,Lepidoptera,Geometridae,Hylaea,Hylaea fasciaria,Hylaea fasciaria,99,ACCEPTED,EXACT,SPECIES,london31May2023,0.0
1963892,Lepidoptera,Geometridae,Hypagyrtis,Hypagyrtis unipunctata,Hypagyrtis unipunctata,99,ACCEPTED,EXACT,SPECIES,london31May2023,0.0
4524638,Lepidoptera,Geometridae,Hypomecis,Hypomecis punctinalis,Hypomecis punctinalis,99,ACCEPTED,EXACT,SPECIES,london31May2023,0.0
4524636,Lepidoptera,Geometridae,Hypomecis,Hypomecis roboraria,Hypomecis roboraria,99,ACCEPTED,EXACT,SPECIES,london31May2023,0.0
5146559,Lepidoptera,Geometridae,Idaea,Idaea aversata,Idaea aversata,99,ACCEPTED,EXACT,SPECIES,london31May2023,0.0
5146961,Lepidoptera,Geometridae,Idaea,Idaea biselata,Idaea biselata,99,ACCEPTED,EXACT,SPECIES,london31May2023,0.0
7988195,Lepidoptera,Geometridae,Idaea,Idaea contiguaria,Idaea contiguaria,99,ACCEPTED,EXACT,SPECIES,london31May2023,0.0
5147441,Lepidoptera,Geometridae,Idaea,Idaea degeneraria,Idaea degeneraria,99,ACCEPTED,EXACT,SPECIES,london31May2023,0.0
5146862,Lepidoptera,Geometridae,Idaea,Idaea dilutaria,Idaea dilutaria,98,ACCEPTED,EXACT,SPECIES,london31May2023,0.0
5146677,Lepidoptera,Geometridae,Idaea,Idaea dimidiata,Idaea dimidiata,98,ACCEPTED,EXACT,SPECIES,london31May2023,0.0
5147245,Lepidoptera,Geometridae,Idaea,Idaea emarginata,Idaea emarginata,99,ACCEPTED,EXACT,SPECIES,london31May2023,0.0
5147193,Lepidoptera,Geometridae,Idaea,Idaea fuscovenosa,Idaea fuscovenosa,99,ACCEPTED,EXACT,SPECIES,london31May2023,0.0
5146611,Lepidoptera,Geometridae,Idaea,Idaea humiliata,Idaea humiliata,99,ACCEPTED,EXACT,SPECIES,london31May2023,0.0
5147150,Lepidoptera,Geometridae,Idaea,Idaea inquinata,Idaea inquinata,99,ACCEPTED,EXACT,SPECIES,london31May2023,0.0
5146510,Lepidoptera,Geometridae,Idaea,Idaea laevigata,Idaea laevigata,99,ACCEPTED,EXACT,SPECIES,london31May2023,0.0
5147062,Lepidoptera,Geometridae,Idaea,Idaea muricata,Idaea muricata,99,ACCEPTED,EXACT,SPECIES,london31May2023,0.0
5147354,Lepidoptera,Geometridae,Idaea,Idaea ochrata,Idaea ochrata,99,ACCEPTED,EXACT,SPECIES,london31May2023,0.0
5147478,Lepidoptera,Geometridae,Idaea,Idaea rusticata,Idaea rusticata,99,ACCEPTED,EXACT,SPECIES,london31May2023,0.0
5147039,Lepidoptera,Geometridae,Idaea,Idaea seriata,Idaea seriata,99,ACCEPTED,EXACT,SPECIES,london31May2023,0.0
5146659,Lepidoptera,Geometridae,Idaea,Idaea serpentata,Idaea serpentata,99,ACCEPTED,EXACT,SPECIES,london31May2023,0.0
5147208,Lepidoptera,Geometridae,Idaea,Idaea straminata,Idaea straminata,99,ACCEPTED,EXACT,SPECIES,london31May2023,0.0
5146837,Lepidoptera,Geometridae,Idaea,Idaea subsericeata,Idaea subsericeata,99,ACCEPTED,EXACT,SPECIES,london31May2023,0.0
5146496,Lepidoptera,Geometridae,Idaea,Idaea sylvestraria,Idaea sylvestraria,99,ACCEPTED,EXACT,SPECIES,london31May2023,0.0
5147232,Lepidoptera,Geometridae,Idaea,Idaea trigeminata,Idaea trigeminata,99,ACCEPTED,EXACT,SPECIES,london31May2023,0.0
1987578,Lepidoptera,Geometridae,Isturgia,Isturgia limbaria,Isturgia limbaria,99,ACCEPTED,EXACT,SPECIES,london31May2023,0.0
1978065,Lepidoptera,Geometridae,Jodis,Jodis lactearia,Jodis lactearia,99,ACCEPTED,EXACT,SPECIES,london31May2023,0.0
4524070,Lepidoptera,Geometridae,Lampropteryx,Lampropteryx otregiata,Lampropteryx otregiata,99,ACCEPTED,EXACT,SPECIES,london31May2023,0.0
4524072,Lepidoptera,Geometridae,Lampropteryx,Lampropteryx suffumata,Lampropteryx suffumata,99,ACCEPTED,EXACT,SPECIES,london31May2023,0.0
1957266,Lepidoptera,Geometridae,Larentia,Larentia clavaria,Larentia clavaria,99,ACCEPTED,EXACT,SPECIES,london31May2023,0.0
1962636,Lepidoptera,Geometridae,Ligdia,Ligdia adustata,Ligdia adustata,98,ACCEPTED,EXACT,SPECIES,london31May2023,0.0
1964471,Lepidoptera,Geometridae,Lithostege,Lithostege griseata,Lithostege griseata,99,ACCEPTED,EXACT,SPECIES,london31May2023,0.0
5144426,Lepidoptera,Geometridae,Lobophora,Lobophora halterata,Lobophora halterata,99,ACCEPTED,EXACT,SPECIES,london31May2023,0.0
5149438,Lepidoptera,Geometridae,Lomaspilis,Lomaspilis marginata,Lomaspilis marginata,99,ACCEPTED,EXACT,SPECIES,london31May2023,0.0
1986052,Lepidoptera,Geometridae,Lomographa,Lomographa bimaculata,Lomographa bimaculata,99,ACCEPTED,EXACT,SPECIES,london31May2023,0.0
1986056,Lepidoptera,Geometridae,Lomographa,Lomographa temerata,Lomographa temerata,99,ACCEPTED,EXACT,SPECIES,london31May2023,0.0
5147681,Lepidoptera,Geometridae,Lycia,Lycia hirtaria,Lycia hirtaria,99,ACCEPTED,EXACT,SPECIES,london31May2023,0.0
8035782,Lepidoptera,Geometridae,Lycia,Lycia lapponaria,Lycia lapponaria,99,ACCEPTED,EXACT,SPECIES,london31May2023,0.0
6097233,Lepidoptera,Geometridae,Lycia,Lycia zonaria,Lycia zonaria,99,ACCEPTED,EXACT,SPECIES,london31May2023,0.0
1959682,Lepidoptera,Geometridae,Lythria,Lythria purpuraria,Lythria purpuraria,98,ACCEPTED,EXACT,SPECIES,london31May2023,0.0
5880545,Lepidoptera,Geometridae,Macaria,Macaria alternata,Macaria alternata,98,ACCEPTED,EXACT,SPECIES,london31May2023,0.0
9400977,Lepidoptera,Geometridae,Macaria,Macaria bicolorata,Macaria bicolorata,99,ACCEPTED,EXACT,SPECIES,london31May2023,0.0
5880559,Lepidoptera,Geometridae,Macaria,Macaria brunneata,Macaria brunneata,99,ACCEPTED,EXACT,SPECIES,london31May2023,0.0
8237343,Lepidoptera,Geometridae,Macaria,Macaria carbonaria,Macaria carbonaria,99,ACCEPTED,EXACT,SPECIES,london31May2023,0.0
5880533,Lepidoptera,Geometridae,Macaria,Macaria liturata,Macaria liturata,99,ACCEPTED,EXACT,SPECIES,london31May2023,0.0
5880563,Lepidoptera,Geometridae,Macaria,Macaria signaria,Macaria signaria,99,ACCEPTED,EXACT,SPECIES,london31May2023,0.0
5880552,Lepidoptera,Geometridae,Macaria,Macaria wauaria,Macaria wauaria,99,ACCEPTED,EXACT,SPECIES,london31May2023,0.0
5145965,Lepidoptera,Geometridae,Perizoma,Martania taeniata,Perizoma taeniata,99,SYNONYM,EXACT,SPECIES,london31May2023,0.0
1956524,Lepidoptera,Geometridae,Melanthia,Melanthia procellata,Melanthia procellata,99,ACCEPTED,EXACT,SPECIES,london31May2023,0.0
1988064,Lepidoptera,Geometridae,Menophra,Menophra abruptaria,Menophra abruptaria,99,ACCEPTED,EXACT,SPECIES,london31May2023,0.0
1988019,Lepidoptera,Geometridae,Menophra,Menophra japygiaria,Menophra japygiaria,99,ACCEPTED,EXACT,SPECIES,london31May2023,0.0
5144190,Lepidoptera,Geometridae,Mesoleuca,Mesoleuca albicillata,Mesoleuca albicillata,99,ACCEPTED,EXACT,SPECIES,london31May2023,0.0
7960566,Lepidoptera,Geometridae,Perizoma,Mesotype didymata,Perizoma didymata,99,SYNONYM,EXACT,SPECIES,london31May2023,0.0
1963168,Lepidoptera,Geometridae,Microloxia,Microloxia herbaria,Microloxia herbaria,99,ACCEPTED,EXACT,SPECIES,london31May2023,0.0
1981696,Lepidoptera,Geometridae,Minoa,Minoa murinata,Minoa murinata,99,ACCEPTED,EXACT,SPECIES,london31May2023,0.0
1991012,Lepidoptera,Geometridae,Nematocampa,Nematocampa limbata,Nematocampa resistaria,99,SYNONYM,EXACT,SPECIES,london31May2023,0.0
4302252,Lepidoptera,Geometridae,Orthonama,Nycterosea obstipata,Orthonama obstipata,99,SYNONYM,EXACT,SPECIES,london31May2023,0.0
1984734,Lepidoptera,Geometridae,Odezia,Odezia atrata,Odezia atrata,99,ACCEPTED,EXACT,SPECIES,london31May2023,0.0
1958065,Lepidoptera,Geometridae,Odontognophos,Odontognophos dumetata,Odontognophos dumetata,99,ACCEPTED,EXACT,SPECIES,london31May2023,0.0
1990066,Lepidoptera,Geometridae,Odontopera,Odontopera bidentata,Odontopera bidentata,99,ACCEPTED,EXACT,SPECIES,london31May2023,0.0
1972449,Lepidoptera,Geometridae,Operophtera,Operophtera brumata,Operophtera brumata,99,ACCEPTED,EXACT,SPECIES,london31May2023,0.0
1972434,Lepidoptera,Geometridae,Operophtera,Operophtera fagata,Operophtera fagata,99,ACCEPTED,EXACT,SPECIES,london31May2023,0.0
1960617,Lepidoptera,Geometridae,Opisthograptis,Opisthograptis luteolata,Opisthograptis luteolata,98,ACCEPTED,EXACT,SPECIES,london31May2023,0.0
1963011,Lepidoptera,Geometridae,Orthonama,Orthonama vittata,Orthonama vittata,99,ACCEPTED,EXACT,SPECIES,london31May2023,0.0
1958323,Lepidoptera,Geometridae,Ourapteryx,Ourapteryx sambucaria,Ourapteryx sambucaria,99,ACCEPTED,EXACT,SPECIES,london31May2023,0.0
1966351,Lepidoptera,Geometridae,Pachycnemia,Pachycnemia hippocastanaria,Pachycnemia hippocastanaria,99,ACCEPTED,EXACT,SPECIES,london31May2023,0.0
1967597,Lepidoptera,Geometridae,Paradarisa,Paradarisa consonaria,Paradarisa consonaria,99,ACCEPTED,EXACT,SPECIES,london31May2023,0.0
1958024,Lepidoptera,Geometridae,Parectropis,Parectropis similaria,Parectropis similaria,98,ACCEPTED,EXACT,SPECIES,london31May2023,0.0
1975341,Lepidoptera,Geometridae,Pareulype,Pareulype berberata,Pareulype berberata,99,ACCEPTED,EXACT,SPECIES,london31May2023,0.0
4523883,Lepidoptera,Geometridae,Pasiphila,Pasiphila chloerata,Pasiphila chloerata,99,ACCEPTED,EXACT,SPECIES,london31May2023,0.0
4523880,Lepidoptera,Geometridae,Pasiphila,Pasiphila debiliata,Pasiphila debiliata,99,ACCEPTED,EXACT,SPECIES,london31May2023,0.0
4523885,Lepidoptera,Geometridae,Pasiphila,Pasiphila rectangulata,Pasiphila rectangulata,99,ACCEPTED,EXACT,SPECIES,london31May2023,0.0
5148286,Lepidoptera,Geometridae,Pelurga,Pelurga comitata,Pelurga comitata,99,ACCEPTED,EXACT,SPECIES,london31May2023,0.0
4524054,Lepidoptera,Geometridae,Pennithera,Pennithera firmata,Pennithera firmata,99,ACCEPTED,EXACT,SPECIES,london31May2023,0.0
1970284,Lepidoptera,Geometridae,Perconia,Perconia strigillaria,Perconia strigillaria,99,ACCEPTED,EXACT,SPECIES,london31May2023,0.0
1957565,Lepidoptera,Geometridae,Peribatodes,Peribatodes ilicaria,Peribatodes ilicaria,99,ACCEPTED,EXACT,SPECIES,london31May2023,0.0
1957572,Lepidoptera,Geometridae,Peribatodes,Peribatodes rhomboidaria,Peribatodes rhomboidaria,99,ACCEPTED,EXACT,SPECIES,london31May2023,0.0
1957570,Lepidoptera,Geometridae,Peribatodes,Peribatodes secundaria,Peribatodes secundaria,98,ACCEPTED,EXACT,SPECIES,london31May2023,0.0
1957611,Lepidoptera,Geometridae,Peribatodes,Peribatodes umbraria,Peribatodes umbraria,99,ACCEPTED,EXACT,SPECIES,london31May2023,0.0
1972120,Lepidoptera,Geometridae,Perizoma,Perizoma affinitata,Perizoma affinitata,99,ACCEPTED,EXACT,SPECIES,london31May2023,0.0
1972185,Lepidoptera,Geometridae,Perizoma,Perizoma albulata,Perizoma albulata,99,ACCEPTED,EXACT,SPECIES,london31May2023,0.0
1972250,Lepidoptera,Geometridae,Perizoma,Perizoma alchemillata,Perizoma alchemillata,99,ACCEPTED,EXACT,SPECIES,london31May2023,0.0
1972342,Lepidoptera,Geometridae,Perizoma,Perizoma bifaciata,Perizoma bifaciata,99,ACCEPTED,EXACT,SPECIES,london31May2023,0.0
1972187,Lepidoptera,Geometridae,Perizoma,Perizoma blandiata,Perizoma blandiata,99,ACCEPTED,EXACT,SPECIES,london31May2023,0.0
1972234,Lepidoptera,Geometridae,Perizoma,Perizoma flavofasciata,Perizoma flavofasciata,99,ACCEPTED,EXACT,SPECIES,london31May2023,0.0
1972278,Lepidoptera,Geometridae,Perizoma,Perizoma minorata,Perizoma minorata,99,ACCEPTED,EXACT,SPECIES,london31May2023,0.0
4523519,Lepidoptera,Geometridae,Phaiogramma,Phaiogramma faustinata,Phaiogramma faustinata,99,ACCEPTED,EXACT,SPECIES,london31May2023,0.0
4524393,Lepidoptera,Geometridae,Phibalapteryx,Phibalapteryx virgata,Phibalapteryx virgata,99,ACCEPTED,EXACT,SPECIES,london31May2023,0.0
4524740,Lepidoptera,Geometridae,Phigalia,Phigalia pilosaria,Phigalia pilosaria,99,ACCEPTED,EXACT,SPECIES,london31May2023,0.0
1959395,Lepidoptera,Geometridae,Philereme,Philereme transversata,Philereme transversata,99,ACCEPTED,EXACT,SPECIES,london31May2023,0.0
1959383,Lepidoptera,Geometridae,Philereme,Philereme vetulata,Philereme vetulata,99,ACCEPTED,EXACT,SPECIES,london31May2023,0.0
1959914,Lepidoptera,Geometridae,Plagodis,Plagodis dolabraria,Plagodis dolabraria,99,ACCEPTED,EXACT,SPECIES,london31May2023,0.0
1959919,Lepidoptera,Geometridae,Plagodis,Plagodis pulveraria,Plagodis pulveraria,99,ACCEPTED,EXACT,SPECIES,london31May2023,0.0
5146412,Lepidoptera,Geometridae,Plemyria,Plemyria rubiginata,Plemyria rubiginata,99,ACCEPTED,EXACT,SPECIES,london31May2023,0.0
6133619,Lepidoptera,Geometridae,Plesiomorpha,Plesiomorpha flaviceps,Plesiomorpha flaviceps,99,ACCEPTED,EXACT,SPECIES,london31May2023,0.0
1968942,Lepidoptera,Geometridae,Pleuroprucha,Pleuroprucha insulsaria,Pleuroprucha insulsaria,98,ACCEPTED,EXACT,SPECIES,london31May2023,0.0
1964158,Lepidoptera,Geometridae,Pseudocoremia,Pseudocoremia suavis,Pseudocoremia suavis,99,ACCEPTED,EXACT,SPECIES,london31May2023,0.0
1954563,Lepidoptera,Geometridae,Pseudopanthera,Pseudopanthera macularia,Pseudopanthera macularia,99,ACCEPTED,EXACT,SPECIES,london31May2023,0.0
9137631,Lepidoptera,Geometridae,Pseudoterpna,Pseudoterpna coronillaria,Pseudoterpna coronillaria,98,ACCEPTED,EXACT,SPECIES,london31May2023,0.0
1987527,Lepidoptera,Geometridae,Pseudoterpna,Pseudoterpna pruinata,Pseudoterpna pruinata,98,ACCEPTED,EXACT,SPECIES,london31May2023,0.0
4524822,Lepidoptera,Geometridae,Glacies,Psodos coracina,Glacies coracina,99,SYNONYM,EXACT,SPECIES,london31May2023,0.0
1978114,Lepidoptera,Geometridae,Pterapherapteryx,Pterapherapteryx sexalata,Pterapherapteryx sexalata,99,ACCEPTED,EXACT,SPECIES,london31May2023,0.0
1966886,Lepidoptera,Geometridae,Pungeleria,Pungeleria capreolaria,Pungeleria capreolaria,99,ACCEPTED,EXACT,SPECIES,london31May2023,0.0
1976993,Lepidoptera,Geometridae,Rheumaptera,Rheumaptera cervinalis,Rheumaptera cervinalis,99,ACCEPTED,EXACT,SPECIES,london31May2023,0.0
1977068,Lepidoptera,Geometridae,Rheumaptera,Rheumaptera hastata,Rheumaptera hastata,99,ACCEPTED,EXACT,SPECIES,london31May2023,0.0
1977003,Lepidoptera,Geometridae,Rheumaptera,Rheumaptera undulata,Rheumaptera undulata,98,ACCEPTED,EXACT,SPECIES,london31May2023,0.0
1955694,Lepidoptera,Geometridae,Rhodometra,Rhodometra sacraria,Rhodometra sacraria,99,ACCEPTED,EXACT,SPECIES,london31May2023,0.0
5144782,Lepidoptera,Geometridae,Scopula,Scopula decorata,Scopula decorata,99,ACCEPTED,EXACT,SPECIES,london31May2023,0.0
7753668,Lepidoptera,Geometridae,Scopula,Scopula emutaria,Scopula emutaria,99,ACCEPTED,EXACT,SPECIES,london31May2023,0.0
5145409,Lepidoptera,Geometridae,Scopula,Scopula floslactata,Scopula floslactata,99,ACCEPTED,EXACT,SPECIES,london31May2023,0.0
8014296,Lepidoptera,Geometridae,Scopula,Scopula imitaria,Scopula imitaria,99,ACCEPTED,EXACT,SPECIES,london31May2023,0.0
5145260,Lepidoptera,Geometridae,Scopula,Scopula immorata,Scopula immorata,99,ACCEPTED,EXACT,SPECIES,london31May2023,0.0
5145009,Lepidoptera,Geometridae,Scopula,Scopula immutata,Scopula immutata,99,ACCEPTED,EXACT,SPECIES,london31May2023,0.0
5145521,Lepidoptera,Geometridae,Scopula,Scopula limboundata,Scopula limboundata,99,ACCEPTED,EXACT,SPECIES,london31May2023,0.0
5144900,Lepidoptera,Geometridae,Scopula,Scopula marginepunctata,Scopula marginepunctata,99,ACCEPTED,EXACT,SPECIES,london31May2023,0.0
5144677,Lepidoptera,Geometridae,Scopula,Scopula nigropunctata,Scopula nigropunctata,98,ACCEPTED,EXACT,SPECIES,london31May2023,0.0
5144805,Lepidoptera,Geometridae,Scopula,Scopula ornata,Scopula ornata,99,ACCEPTED,EXACT,SPECIES,london31May2023,0.0
5145186,Lepidoptera,Geometridae,Scopula,Scopula rubiginata,Scopula rubiginata,99,ACCEPTED,EXACT,SPECIES,london31May2023,0.0
5145136,Lepidoptera,Geometridae,Scopula,Scopula ternata,Scopula ternata,99,ACCEPTED,EXACT,SPECIES,london31May2023,0.0
5145269,Lepidoptera,Geometridae,Scopula,Scopula virgulata,Scopula virgulata,99,ACCEPTED,EXACT,SPECIES,london31May2023,0.0
1957718,Lepidoptera,Geometridae,Scotopteryx,Scotopteryx bipunctaria,Scotopteryx bipunctaria,99,ACCEPTED,EXACT,SPECIES,london31May2023,0.0
1957816,Lepidoptera,Geometridae,Scotopteryx,Scotopteryx chenopodiata,Scotopteryx chenopodiata,99,ACCEPTED,EXACT,SPECIES,london31May2023,0.0
1957746,Lepidoptera,Geometridae,Scotopteryx,Scotopteryx luridata,Scotopteryx luridata,98,ACCEPTED,EXACT,SPECIES,london31May2023,0.0
1957706,Lepidoptera,Geometridae,Scotopteryx,Scotopteryx moeniata,Scotopteryx moeniata,99,ACCEPTED,EXACT,SPECIES,london31May2023,0.0
1957632,Lepidoptera,Geometridae,Scotopteryx,Scotopteryx mucronata,Scotopteryx mucronata,99,ACCEPTED,EXACT,SPECIES,london31May2023,0.0
8172949,Lepidoptera,Geometridae,Scotopteryx,Scotopteryx peribolata,Scotopteryx peribolata,99,ACCEPTED,EXACT,SPECIES,london31May2023,0.0
1962204,Lepidoptera,Geometridae,Selenia,Selenia dentaria,Selenia dentaria,99,ACCEPTED,EXACT,SPECIES,london31May2023,0.0
1962268,Lepidoptera,Geometridae,Selenia,Selenia lunularia,Selenia lunularia,99,ACCEPTED,EXACT,SPECIES,london31May2023,0.0
1962265,Lepidoptera,Geometridae,Selenia,Selenia tetralunaria,Selenia tetralunaria,99,ACCEPTED,EXACT,SPECIES,london31May2023,0.0
1970227,Lepidoptera,Geometridae,Selidosema,Selidosema brunnearia,Selidosema brunnearia,99,ACCEPTED,EXACT,SPECIES,london31May2023,0.0
5144543,Lepidoptera,Geometridae,Siona,Siona lineata,Siona lineata,99,ACCEPTED,EXACT,SPECIES,london31May2023,0.0
4302268,Lepidoptera,Geometridae,Spargania,Spargania luctuata,Spargania luctuata,99,ACCEPTED,EXACT,SPECIES,london31May2023,0.0
5149836,Lepidoptera,Geometridae,Stegania,Stegania cararia,Stegania cararia,98,ACCEPTED,EXACT,SPECIES,london31May2023,0.0
5149839,Lepidoptera,Geometridae,Stegania,Stegania trimaculata,Stegania trimaculata,99,ACCEPTED,EXACT,SPECIES,london31May2023,0.0
1962584,Lepidoptera,Geometridae,Tephronia,Tephronia sepiaria,Tephronia sepiaria,98,ACCEPTED,EXACT,SPECIES,london31May2023,0.0
1963306,Lepidoptera,Geometridae,Thalera,Thalera fimbrialis,Thalera fimbrialis,99,ACCEPTED,EXACT,SPECIES,london31May2023,0.0
5148424,Lepidoptera,Geometridae,Thera,Thera britannica,Thera britannica,99,ACCEPTED,EXACT,SPECIES,london31May2023,0.0
5148486,Lepidoptera,Geometridae,Thera,Thera cognata,Thera cognata,99,ACCEPTED,EXACT,SPECIES,london31May2023,0.0
5148475,Lepidoptera,Geometridae,Thera,Thera cupressata,Thera cupressata,99,ACCEPTED,EXACT,SPECIES,london31May2023,0.0
5148462,Lepidoptera,Geometridae,Thera,Thera juniperata,Thera juniperata,99,ACCEPTED,EXACT,SPECIES,london31May2023,0.0
5148487,Lepidoptera,Geometridae,Thera,Thera obeliscata,Thera obeliscata,99,ACCEPTED,EXACT,SPECIES,london31May2023,0.0
5148394,Lepidoptera,Geometridae,Thera,Thera vetustata,Thera vetustata,99,ACCEPTED,EXACT,SPECIES,london31May2023,0.0
5148248,Lepidoptera,Geometridae,Theria,Theria primaria,Theria primaria,99,ACCEPTED,EXACT,SPECIES,london31May2023,0.0
1957300,Lepidoptera,Geometridae,Thetidia,Thetidia smaragdaria,Thetidia smaragdaria,99,ACCEPTED,EXACT,SPECIES,london31May2023,0.0
1966017,Lepidoptera,Geometridae,Timandra,Timandra comae,Timandra comae,99,ACCEPTED,EXACT,SPECIES,london31May2023,0.0
5147608,Lepidoptera,Geometridae,Trichopteryx,Trichopteryx carpinata,Trichopteryx carpinata,99,ACCEPTED,EXACT,SPECIES,london31May2023,0.0
5147638,Lepidoptera,Geometridae,Trichopteryx,Trichopteryx polycommata,Trichopteryx polycommata,99,ACCEPTED,EXACT,SPECIES,london31May2023,0.0
1969954,Lepidoptera,Geometridae,Triphosa,Triphosa dubitata,Triphosa dubitata,98,ACCEPTED,EXACT,SPECIES,london31May2023,0.0
5147834,Lepidoptera,Geometridae,Venusia,Venusia blomeri,Venusia blomeri,99,ACCEPTED,EXACT,SPECIES,london31May2023,0.0
5147827,Lepidoptera,Geometridae,Venusia,Venusia cambrica,Venusia cambrica,99,ACCEPTED,EXACT,SPECIES,london31May2023,0.0
1986452,Lepidoptera,Geometridae,Xanthorhoe,Xanthorhoe biriviata,Xanthorhoe biriviata,99,ACCEPTED,EXACT,SPECIES,london31May2023,0.0
1986367,Lepidoptera,Geometridae,Xanthorhoe,Xanthorhoe decoloraria,Xanthorhoe decoloraria,98,ACCEPTED,EXACT,SPECIES,london31May2023,0.0
1986575,Lepidoptera,Geometridae,Xanthorhoe,Xanthorhoe designata,Xanthorhoe designata,99,ACCEPTED,EXACT,SPECIES,london31May2023,0.0
1986157,Lepidoptera,Geometridae,Xanthorhoe,Xanthorhoe fluctuata,Xanthorhoe fluctuata,98,ACCEPTED,EXACT,SPECIES,london31May2023,0.0
1986220,Lepidoptera,Geometridae,Xanthorhoe,Xanthorhoe montanata,Xanthorhoe montanata,99,ACCEPTED,EXACT,SPECIES,london31May2023,0.0
1986522,Lepidoptera,Geometridae,Xanthorhoe,Xanthorhoe quadrifasiata,Xanthorhoe quadrifasiata,99,ACCEPTED,EXACT,SPECIES,london31May2023,0.0
1986166,Lepidoptera,Geometridae,Xanthorhoe,Xanthorhoe spadicearia,Xanthorhoe spadicearia,99,ACCEPTED,EXACT,SPECIES,london31May2023,0.0
5102287,Lepidoptera,Lasiocampidae,Odonestis,Odonestis pruni,Odonestis pruni,99,ACCEPTED,EXACT,SPECIES,london31May2023,461.0
1732662,Lepidoptera,Lasiocampidae,Phyllodesma,Phyllodesma ilicifolia,Phyllodesma ilicifolia,98,ACCEPTED,EXACT,SPECIES,london31May2023,697.0
4522322,Lepidoptera,Limacodidae,Heterogenea,Heterogenea asella,Heterogenea asella,99,ACCEPTED,EXACT,SPECIES,london31May2023,375.0
5109455,Lepidoptera,Noctuidae,Acontia,Acontia nitidula,Acontia nitidula,99,ACCEPTED,EXACT,SPECIES,london31May2023,5.0
8150836,Lepidoptera,Noctuidae,Acosmetia,Acosmetia caliginosa,Acosmetia caliginosa,99,ACCEPTED,EXACT,SPECIES,london31May2023,169.0
1783045,Lepidoptera,Noctuidae,Acronicta,Acronicta cinerea,Acronicta cinerea,99,ACCEPTED,EXACT,SPECIES,london31May2023,977.0
7825213,Lepidoptera,Noctuidae,Acronicta,Acronicta cuspis,Acronicta cuspis,99,ACCEPTED,EXACT,SPECIES,london31May2023,661.0
1782841,Lepidoptera,Noctuidae,Acronicta,Acronicta strigosa,Acronicta strigosa,99,ACCEPTED,EXACT,SPECIES,london31May2023,553.0
1787506,Lepidoptera,Noctuidae,Actebia,Actebia fennica,Actebia fennica,99,ACCEPTED,EXACT,SPECIES,london31May2023,460.0
1787504,Lepidoptera,Noctuidae,Actebia,Actebia praecox,Actebia praecox,99,ACCEPTED,EXACT,SPECIES,london31May2023,550.0
5113847,Lepidoptera,Noctuidae,Aedia,Aedia funesta,Aedia funesta,99,ACCEPTED,EXACT,SPECIES,london31May2023,414.0
5113853,Lepidoptera,Noctuidae,Aedia,Aedia leucomelas,Aedia leucomelas,98,ACCEPTED,EXACT,SPECIES,london31May2023,909.0
4533714,Lepidoptera,Noctuidae,Agrotis,Agrotis bigramma,Agrotis bigramma,99,ACCEPTED,EXACT,SPECIES,london31May2023,515.0
4533720,Lepidoptera,Noctuidae,Agrotis,Agrotis catalaunensis,Agrotis catalaunensis,99,ACCEPTED,EXACT,SPECIES,london31May2023,29.0
1770869,Lepidoptera,Noctuidae,Agrotis,Agrotis cinerea,Agrotis cinerea,99,ACCEPTED,EXACT,SPECIES,london31May2023,545.0
1770920,Lepidoptera,Noctuidae,Agrotis,Agrotis deprivata,Agrotis deprivata,99,ACCEPTED,EXACT,SPECIES,london31May2023,1.0
1770776,Lepidoptera,Noctuidae,Agrotis,Agrotis graslini,Agrotis graslini,99,ACCEPTED,EXACT,SPECIES,london31May2023,6.0
1771163,Lepidoptera,Noctuidae,Agrotis,Agrotis herzogi,Agrotis herzogi,99,ACCEPTED,EXACT,SPECIES,london31May2023,31.0
1771204,Lepidoptera,Noctuidae,Agrotis,Agrotis ripae,Agrotis ripae,99,ACCEPTED,EXACT,SPECIES,london31May2023,319.0
1770821,Lepidoptera,Noctuidae,Agrotis,Agrotis trux,Agrotis trux,99,ACCEPTED,EXACT,SPECIES,london31May2023,980.0
1771391,Lepidoptera,Noctuidae,Amphipoea,Amphipoea crinanensis,Amphipoea crinanensis,99,ACCEPTED,EXACT,SPECIES,london31May2023,259.0
1771429,Lepidoptera,Noctuidae,Amphipoea,Amphipoea lucens,Amphipoea lucens,99,ACCEPTED,EXACT,SPECIES,london31May2023,351.0
4534691,Lepidoptera,Noctuidae,Amphipyra,Amphipyra effusa,Amphipyra effusa,98,ACCEPTED,EXACT,SPECIES,london31May2023,64.0
1789553,Lepidoptera,Noctuidae,Anarta,Anarta melanopa,Anarta melanopa,99,ACCEPTED,EXACT,SPECIES,london31May2023,644.0
10263995,Lepidoptera,Noctuidae,Agrochola,Anchoscelis haematidea,Anchoscelis haematidea,98,DOUBTFUL,EXACT,SPECIES,london31May2023,0.0
10113008,Lepidoptera,Noctuidae,Agrochola,Anchoscelis helvola,Anchoscelis helvola,98,DOUBTFUL,EXACT,SPECIES,london31May2023,594.0
9510363,Lepidoptera,Noctuidae,Agrochola,Anchoscelis lunosa,Anchoscelis lunosa,98,DOUBTFUL,EXACT,SPECIES,london31May2023,897.0
1796139,Lepidoptera,Noctuidae,Apamea,Apamea epomidion,Apamea epomidion,99,ACCEPTED,EXACT,SPECIES,london31May2023,739.0
1795848,Lepidoptera,Noctuidae,Apamea,Apamea exulis,Apamea exulis,99,ACCEPTED,EXACT,SPECIES,london31May2023,343.0
1795930,Lepidoptera,Noctuidae,Apamea,Apamea furva,Apamea furva,99,ACCEPTED,EXACT,SPECIES,london31May2023,572.0
1795854,Lepidoptera,Noctuidae,Apamea,Apamea lateritia,Apamea lateritia,99,ACCEPTED,EXACT,SPECIES,london31May2023,824.0
1760857,Lepidoptera,Noctuidae,Aporophyla,Aporophyla australis,Aporophyla australis,99,ACCEPTED,EXACT,SPECIES,london31May2023,352.0
1760887,Lepidoptera,Noctuidae,Aporophyla,Aporophyla lueneburgensis,Aporophyla lueneburgensis,99,ACCEPTED,EXACT,SPECIES,london31May2023,820.0
1760893,Lepidoptera,Noctuidae,Aporophyla,Aporophyla lutulenta,Aporophyla lutulenta,99,ACCEPTED,EXACT,SPECIES,london31May2023,814.0
1789840,Lepidoptera,Noctuidae,Archanara,Archanara neurica,Archanara neurica,99,ACCEPTED,EXACT,SPECIES,london31May2023,286.0
1787279,Lepidoptera,Noctuidae,Athetis,Athetis hospes,Athetis hospes,99,ACCEPTED,EXACT,SPECIES,london31May2023,627.0
1787112,Lepidoptera,Noctuidae,Athetis,Athetis pallustris,Athetis pallustris,99,ACCEPTED,EXACT,SPECIES,london31May2023,250.0
1792478,Lepidoptera,Noctuidae,Autographa,Autographa bimaculata,Autographa bimaculata,99,ACCEPTED,EXACT,SPECIES,london31May2023,179.0
1789957,Lepidoptera,Noctuidae,Brithys,Brithys crini,Brithys crini,99,ACCEPTED,EXACT,SPECIES,london31May2023,680.0
8742426,Lepidoptera,Noctuidae,Bryophila,Bryophila raptricula,Bryophila raptricula,98,ACCEPTED,EXACT,SPECIES,london31May2023,725.0
1789191,Lepidoptera,Erebidae,Caenurgina,Caenurgina crassiuscula,Caenurgina crassiuscula,99,ACCEPTED,EXACT,SPECIES,london31May2023,0.0
5108665,Lepidoptera,Noctuidae,Callopistria,Callopistria floridensis,Callopistria floridensis,99,ACCEPTED,EXACT,SPECIES,london31May2023,909.0
5108761,Lepidoptera,Noctuidae,Callopistria,Callopistria juventina,Callopistria juventina,99,ACCEPTED,EXACT,SPECIES,london31May2023,607.0
5108660,Lepidoptera,Noctuidae,Callopistria,Callopistria latreillei,Callopistria latreillei,99,ACCEPTED,EXACT,SPECIES,london31May2023,207.0
1796451,Lepidoptera,Noctuidae,Calophasia,Calophasia platyptera,Calophasia platyptera,99,ACCEPTED,EXACT,SPECIES,london31May2023,39.0
4534252,Lepidoptera,Noctuidae,Caradrina,Caradrina flavirena,Caradrina flavirena,98,ACCEPTED,EXACT,SPECIES,london31May2023,142.0
1765017,Lepidoptera,Noctuidae,Caradrina,Caradrina kadenii,Caradrina kadenii,98,ACCEPTED,EXACT,SPECIES,london31May2023,808.0
4534257,Lepidoptera,Noctuidae,Caradrina,Caradrina selini,Caradrina selini,98,ACCEPTED,EXACT,SPECIES,london31May2023,873.0
5110871,Lepidoptera,Noctuidae,Cerastis,Cerastis leucographa,Cerastis leucographa,99,ACCEPTED,EXACT,SPECIES,london31May2023,652.0
5772309,Lepidoptera,Noctuidae,Chloantha,Chloantha hyperici,Chloantha hyperici,99,ACCEPTED,EXACT,SPECIES,london31May2023,571.0
1785181,Lepidoptera,Noctuidae,Chrysodeixis,Chrysodeixis acuta,Chrysodeixis acuta,99,ACCEPTED,EXACT,SPECIES,london31May2023,89.0
9549172,Lepidoptera,Noctuidae,Xanthia,Cirrhia ocellaris,Cirrhia ocellaris,98,DOUBTFUL,EXACT,SPECIES,london31May2023,510.0
1775891,Lepidoptera,Noctuidae,Coenobia,Coenobia rufa,Coenobia rufa,99,ACCEPTED,EXACT,SPECIES,london31May2023,949.0
1781694,Lepidoptera,Noctuidae,Coenophila,Coenophila subrosea,Coenophila subrosea,99,ACCEPTED,EXACT,SPECIES,london31May2023,865.0
4534017,Lepidoptera,Noctuidae,Conisania,Conisania andalusica,Conisania andalusica,99,ACCEPTED,EXACT,SPECIES,london31May2023,27.0
1768729,Lepidoptera,Noctuidae,Conistra,Conistra ligula,Conistra ligula,99,ACCEPTED,EXACT,SPECIES,london31May2023,968.0
9593475,Lepidoptera,Noctuidae,Psaphida,Copipanolis styracis,Psaphida styracis,99,SYNONYM,EXACT,SPECIES,london31May2023,147.0
1784349,Lepidoptera,Noctuidae,Cornutiplusia,Cornutiplusia circumflexa,Cornutiplusia circumflexa,99,ACCEPTED,EXACT,SPECIES,london31May2023,201.0
1769519,Lepidoptera,Noctuidae,Cosmia,Cosmia affinis,Cosmia affinis,98,ACCEPTED,EXACT,SPECIES,london31May2023,965.0
1769543,Lepidoptera,Noctuidae,Cosmia,Cosmia diffinis,Cosmia diffinis,99,ACCEPTED,EXACT,SPECIES,london31May2023,591.0
1785361,Lepidoptera,Noctuidae,Ctenoplusia,Ctenoplusia accentifera,Ctenoplusia accentifera,99,ACCEPTED,EXACT,SPECIES,london31May2023,83.0
1785329,Lepidoptera,Noctuidae,Ctenoplusia,Ctenoplusia limbirena,Ctenoplusia limbirena,99,ACCEPTED,EXACT,SPECIES,london31May2023,581.0
5109641,Lepidoptera,Noctuidae,Cucullia,Cucullia argentea,Cucullia argentea,98,ACCEPTED,EXACT,SPECIES,london31May2023,187.0
5109595,Lepidoptera,Noctuidae,Cucullia,Cucullia artemisiae,Cucullia artemisiae,98,ACCEPTED,EXACT,SPECIES,london31May2023,110.0
5109614,Lepidoptera,Noctuidae,Cucullia,Cucullia asteris,Cucullia asteris,99,ACCEPTED,EXACT,SPECIES,london31May2023,770.0
5109646,Lepidoptera,Noctuidae,Cucullia,Cucullia calendulae,Cucullia calendulae,98,ACCEPTED,EXACT,SPECIES,london31May2023,220.0
5109552,Lepidoptera,Noctuidae,Cucullia,Cucullia gnaphalii,Cucullia gnaphalii,98,ACCEPTED,EXACT,SPECIES,london31May2023,276.0
5109722,Lepidoptera,Noctuidae,Cucullia,Cucullia lactucae,Cucullia lactucae,98,ACCEPTED,EXACT,SPECIES,london31May2023,896.0
5109480,Lepidoptera,Noctuidae,Cucullia,Cucullia lychnitis,Cucullia lychnitis,99,ACCEPTED,EXACT,SPECIES,london31May2023,621.0
4532888,Lepidoptera,Noctuidae,Deltote,Deltote deceptoria,Deltote deceptoria,99,ACCEPTED,EXACT,SPECIES,london31May2023,983.0
1785887,Lepidoptera,Noctuidae,Diachrysia,Diachrysia chryson,Diachrysia chryson,99,ACCEPTED,EXACT,SPECIES,london31May2023,414.0
4533442,Lepidoptera,Noctuidae,Diarsia,Diarsia florida,Diarsia florida,99,ACCEPTED,EXACT,SPECIES,london31May2023,184.0
8021109,Lepidoptera,Noctuidae,Basistriga,Dichagyris flammatra,Basistriga flammatra,99,SYNONYM,EXACT,SPECIES,london31May2023,75.0
1765954,Lepidoptera,Noctuidae,Dicycla,Dicycla oo,Dicycla oo,99,ACCEPTED,EXACT,SPECIES,london31May2023,407.0
5108951,Lepidoptera,Erebidae,Diphthera,Diphthera festiva,Diphthera festiva,99,ACCEPTED,EXACT,SPECIES,london31May2023,0.0
1792768,Lepidoptera,Noctuidae,Dryobota,Dryobota labecula,Dryobota labecula,99,ACCEPTED,EXACT,SPECIES,london31May2023,110.0
9805848,Lepidoptera,Noctuidae,Dryobotodes,Dryobotodes roboris,Dryobotodes roboris,98,ACCEPTED,EXACT,SPECIES,london31May2023,136.0
1789255,Lepidoptera,Noctuidae,Dryobotodes,Dryobotodes tenebrosa,Dryobotodes tenebrosa,99,ACCEPTED,EXACT,SPECIES,london31May2023,52.0
1792061,Lepidoptera,Noctuidae,Egira,Egira conspicillaris,Egira conspicillaris,99,ACCEPTED,EXACT,SPECIES,london31May2023,855.0
1780390,Lepidoptera,Noctuidae,Elaphria,Elaphria agrotina,Elaphria agrotina,99,ACCEPTED,EXACT,SPECIES,london31May2023,82.0
1794361,Lepidoptera,Noctuidae,Lasionycta,Eriopygodes imbecilla,Eriopygodes imbecillus,95,DOUBTFUL,FUZZY,SPECIES,london31May2023,740.0
8393221,Lepidoptera,Noctuidae,Eucarta,Eucarta amethystina,Eucarta amethystina,99,ACCEPTED,EXACT,SPECIES,london31May2023,196.0
4532696,Lepidoptera,Noctuidae,Eucarta,Eucarta virgo,Eucarta virgo,99,ACCEPTED,EXACT,SPECIES,london31May2023,283.0
1770530,Lepidoptera,Noctuidae,Euchalcia,Euchalcia variabilis,Euchalcia variabilis,98,ACCEPTED,EXACT,SPECIES,london31May2023,208.0
11145613,Lepidoptera,Noctuidae,Eudryas,Eudryas staejohannis,Eudryas staejohannis,99,ACCEPTED,EXACT,SPECIES,london31May2023,0.0
4534542,Lepidoptera,Noctuidae,Fabula,Fabula zollikoferi,Fabula zollikoferi,99,ACCEPTED,EXACT,SPECIES,london31May2023,24.0
1785733,Lepidoptera,Noctuidae,Feltia,Feltia subgothica,Feltia subgothica,98,ACCEPTED,EXACT,SPECIES,london31May2023,128.0
9135821,Lepidoptera,Noctuidae,Globia,Globia algae,Globia algae,99,ACCEPTED,EXACT,SPECIES,london31May2023,676.0
1768308,Lepidoptera,Noctuidae,Gortyna,Gortyna borelii,Gortyna borelii,99,ACCEPTED,EXACT,SPECIES,london31May2023,22.0
1769645,Lepidoptera,Noctuidae,Graphania,Graphania dives,Graphania dives,99,ACCEPTED,EXACT,SPECIES,london31May2023,0.0
1787751,Lepidoptera,Noctuidae,Hadena,Hadena albimacula,Hadena albimacula,98,ACCEPTED,EXACT,SPECIES,london31May2023,564.0
1787697,Lepidoptera,Noctuidae,Hadena,Hadena caesia,Hadena caesia,99,ACCEPTED,EXACT,SPECIES,london31May2023,112.0
1787631,Lepidoptera,Noctuidae,Hadena,Hadena irregularis,Hadena irregularis,99,ACCEPTED,EXACT,SPECIES,london31May2023,81.0
4534676,Lepidoptera,Noctuidae,Heliothis,Heliothis maritima,Heliothis maritima,99,ACCEPTED,EXACT,SPECIES,london31May2023,42.0
4534675,Lepidoptera,Noctuidae,Heliothis,Heliothis nubigera,Heliothis nubigera,99,ACCEPTED,EXACT,SPECIES,london31May2023,78.0
1784824,Lepidoptera,Noctuidae,Hoplodrina,Hoplodrina superstes,Hoplodrina superstes,99,ACCEPTED,EXACT,SPECIES,london31May2023,33.0
1796643,Lepidoptera,Noctuidae,Hydraecia,Hydraecia osseola,Hydraecia osseola,99,ACCEPTED,EXACT,SPECIES,london31May2023,20.0
1796666,Lepidoptera,Noctuidae,Hydraecia,Hydraecia petasitis,Hydraecia petasitis,99,ACCEPTED,EXACT,SPECIES,london31May2023,345.0
1792645,Lepidoptera,Noctuidae,Jodia,Jodia croceago,Jodia croceago,99,ACCEPTED,EXACT,SPECIES,london31May2023,288.0
4533947,Lepidoptera,Noctuidae,Lacanobia,Lacanobia blenna,Lacanobia blenna,99,ACCEPTED,EXACT,SPECIES,london31May2023,79.0
7972792,Lepidoptera,Noctuidae,Lacanobia,Lacanobia splendens,Lacanobia splendens,99,ACCEPTED,EXACT,SPECIES,london31May2023,171.0
10312073,Lepidoptera,Noctuidae,Agrochola,Leptologia lota,Leptologia lota,98,DOUBTFUL,EXACT,SPECIES,london31May2023,393.0
10068024,Lepidoptera,Noctuidae,Agrochola,Leptologia macilenta,Leptologia macilenta,98,DOUBTFUL,EXACT,SPECIES,london31May2023,383.0
5772222,Lepidoptera,Noctuidae,Leucania,Leucania loreyi,Leucania loreyi,99,ACCEPTED,EXACT,SPECIES,london31May2023,359.0
5111481,Lepidoptera,Noctuidae,Leucania,Leucania putrescens,Leucania putrescens,99,ACCEPTED,EXACT,SPECIES,london31May2023,263.0
1775329,Lepidoptera,Noctuidae,Leucochlaena,Leucochlaena oditis,Leucochlaena oditis,99,ACCEPTED,EXACT,SPECIES,london31May2023,650.0
1759686,Lepidoptera,Noctuidae,Lithophane,Lithophane lamda,Lithophane lamda,99,ACCEPTED,EXACT,SPECIES,london31May2023,704.0
1759673,Lepidoptera,Noctuidae,Lithophane,Lithophane leautieri,Lithophane leautieri,99,ACCEPTED,EXACT,SPECIES,london31May2023,431.0
1759597,Lepidoptera,Noctuidae,Lithophane,Lithophane semibrunnea,Lithophane semibrunnea,99,ACCEPTED,EXACT,SPECIES,london31May2023,596.0
4534398,Lepidoptera,Noctuidae,Longalatedes,Longalatedes elymi,Longalatedes elymi,99,ACCEPTED,EXACT,SPECIES,london31May2023,821.0
1770353,Lepidoptera,Noctuidae,Luperina,Luperina dumerilii,Luperina dumerilii,99,ACCEPTED,EXACT,SPECIES,london31May2023,379.0
1770322,Lepidoptera,Noctuidae,Luperina,Luperina nickerlii,Luperina nickerlii,99,ACCEPTED,EXACT,SPECIES,london31May2023,14.0
1783971,Lepidoptera,Noctuidae,Meganephria,Meganephria bimaculosa,Meganephria bimaculosa,99,ACCEPTED,EXACT,SPECIES,london31May2023,54.0
1787417,Lepidoptera,Noctuidae,Mesogona,Mesogona acetosellae,Mesogona acetosellae,98,ACCEPTED,EXACT,SPECIES,london31May2023,178.0
4533345,Lepidoptera,Noctuidae,Mniotype,Mniotype solieri,Mniotype solieri,99,ACCEPTED,EXACT,SPECIES,london31May2023,207.0
4687935,Lepidoptera,Erebidae,Mocis,Mocis trifasciata,Mocis trifasciata,99,ACCEPTED,EXACT,SPECIES,london31May2023,0.0
5111360,Lepidoptera,Noctuidae,Leucania,Mythimna commoides,Leucania commoides,99,SYNONYM,EXACT,SPECIES,london31May2023,398.0
5772180,Lepidoptera,Noctuidae,Mythimna,Mythimna litoralis,Mythimna litoralis,99,ACCEPTED,EXACT,SPECIES,london31May2023,664.0
5772202,Lepidoptera,Noctuidae,Mythimna,Mythimna pudorina,Mythimna pudorina,99,ACCEPTED,EXACT,SPECIES,london31May2023,823.0
1767655,Lepidoptera,Noctuidae,Mythimna,Mythimna turca,Mythimna turca,99,ACCEPTED,EXACT,SPECIES,london31May2023,767.0
1789755,Lepidoptera,Noctuidae,Noctua,Noctua orbona,Noctua orbona,98,ACCEPTED,EXACT,SPECIES,london31May2023,805.0
1770416,Lepidoptera,Noctuidae,Ochropleura,Ochropleura leucogaster,Ochropleura leucogaster,99,ACCEPTED,EXACT,SPECIES,london31May2023,282.0
1766418,Lepidoptera,Noctuidae,Oligia,Oligia versicolor,Oligia versicolor,98,ACCEPTED,EXACT,SPECIES,london31May2023,229.0
5110818,Lepidoptera,Noctuidae,Oria,Oria musculosa,Oria musculosa,99,ACCEPTED,EXACT,SPECIES,london31May2023,351.0
1791114,Lepidoptera,Erebidae,Orodesma,Orodesma apicina,Orodesma apicina,99,ACCEPTED,EXACT,SPECIES,london31May2023,0.0
4534461,Lepidoptera,Noctuidae,Pabulatrix,Pabulatrix pabulatricula,Pabulatrix pabulatricula,99,ACCEPTED,EXACT,SPECIES,london31May2023,699.0
7869346,Lepidoptera,Noctuidae,Pachetra,Pachetra sagittigera,Pachetra sagittigera,99,ACCEPTED,EXACT,SPECIES,london31May2023,702.0
1802868,Lepidoptera,Nolidae,Pardasena,Pardasena virgulana,Pardasena virgulana,99,ACCEPTED,EXACT,SPECIES,london31May2023,41.0
11136655,Lepidoptera,Noctuidae,Perigea,Perigea capensis,Perigea capensis,99,ACCEPTED,EXACT,SPECIES,london31May2023,0.0
6097260,Lepidoptera,Noctuidae,Periphanes,Periphanes delphinii,Periphanes delphinii,98,ACCEPTED,EXACT,SPECIES,london31May2023,38.0
1792379,Lepidoptera,Noctuidae,Photedes,Photedes captiuncula,Photedes captiuncula,99,ACCEPTED,EXACT,SPECIES,london31May2023,285.0
1792390,Lepidoptera,Noctuidae,Photedes,Photedes morrisii,Photedes morrisii,99,ACCEPTED,EXACT,SPECIES,london31May2023,395.0
9579730,Lepidoptera,Erebidae,Hypena,Plathypena scabra,Hypena scabra,99,SYNONYM,EXACT,SPECIES,london31May2023,0.0
1776330,Lepidoptera,Noctuidae,Polia,Polia nebulosa,Polia nebulosa,99,ACCEPTED,EXACT,SPECIES,london31May2023,455.0
1780926,Lepidoptera,Noctuidae,Polymixis,Polymixis flavicincta,Polymixis flavicincta,99,ACCEPTED,EXACT,SPECIES,london31May2023,572.0
1780954,Lepidoptera,Noctuidae,Polymixis,Polymixis xanthomista,Polymixis xanthomista,99,ACCEPTED,EXACT,SPECIES,london31May2023,55.0
1784359,Lepidoptera,Noctuidae,Polyphaenis,Polyphaenis sericata,Polyphaenis sericata,98,ACCEPTED,EXACT,SPECIES,london31May2023,852.0
4534403,Lepidoptera,Noctuidae,Protarchanara,Protarchanara brevilinea,Protarchanara brevilinea,99,ACCEPTED,EXACT,SPECIES,london31May2023,462.0
1767511,Lepidoptera,Noctuidae,Protoschinia,Protoschinia scutosa,Protoschinia scutosa,98,ACCEPTED,EXACT,SPECIES,london31May2023,124.0
1774959,Lepidoptera,Noctuidae,Pseudenargia,Pseudenargia ulicis,Pseudenargia ulicis,99,ACCEPTED,EXACT,SPECIES,london31May2023,40.0
1799701,Lepidoptera,Noctuidae,Pseudeustrotia,Pseudeustrotia candidula,Pseudeustrotia candidula,99,ACCEPTED,EXACT,SPECIES,london31May2023,890.0
5109438,Lepidoptera,Noctuidae,Acontia,Pseudoplusia includens,Acontia margaritata,99,SYNONYM,EXACT,SPECIES,london31May2023,4.0
1790651,Lepidoptera,Noctuidae,Rhyacia,Rhyacia lucipeta,Rhyacia lucipeta,99,ACCEPTED,EXACT,SPECIES,london31May2023,4.0
1790625,Lepidoptera,Noctuidae,Rhyacia,Rhyacia simulans,Rhyacia simulans,99,ACCEPTED,EXACT,SPECIES,london31May2023,576.0
9474256,Lepidoptera,Noctuidae,Schinia,Schinia rivulosa,Schinia rivulosa,99,ACCEPTED,EXACT,SPECIES,london31May2023,930.0
1776207,Lepidoptera,Noctuidae,Scotochrosta,Scotochrosta pulla,Scotochrosta pulla,98,ACCEPTED,EXACT,SPECIES,london31May2023,26.0
1770573,Lepidoptera,Noctuidae,Sedina,Sedina buettneri,Sedina buettneri,99,ACCEPTED,EXACT,SPECIES,london31May2023,138.0
1778127,Lepidoptera,Noctuidae,Senta,Senta flammea,Senta flammea,99,ACCEPTED,EXACT,SPECIES,london31May2023,415.0
1762383,Lepidoptera,Noctuidae,Sesamia,Sesamia nonagrioides,Sesamia nonagrioides,99,ACCEPTED,EXACT,SPECIES,london31May2023,73.0
7537451,Lepidoptera,Noctuidae,Shargacucullia,Shargacucullia caninae,Shargacucullia caninae,99,ACCEPTED,EXACT,SPECIES,london31May2023,1.0
8116389,Lepidoptera,Noctuidae,Shargacucullia,Shargacucullia prenanthis,Shargacucullia prenanthis,99,ACCEPTED,EXACT,SPECIES,london31May2023,7.0
4534046,Lepidoptera,Noctuidae,Sideridis,Sideridis turbida,Sideridis turbida,99,ACCEPTED,EXACT,SPECIES,london31May2023,986.0
1774347,Lepidoptera,Noctuidae,Spaelotis,Spaelotis ravida,Spaelotis ravida,99,ACCEPTED,EXACT,SPECIES,london31May2023,754.0
5109843,Lepidoptera,Noctuidae,Spodoptera,Spodoptera cilium,Spodoptera cilium,99,ACCEPTED,EXACT,SPECIES,london31May2023,484.0
5109850,Lepidoptera,Noctuidae,Spodoptera,Spodoptera eridania,Spodoptera eridania,99,ACCEPTED,EXACT,SPECIES,london31May2023,459.0
5109931,Lepidoptera,Noctuidae,Spodoptera,Spodoptera littoralis,Spodoptera littoralis,99,ACCEPTED,EXACT,SPECIES,london31May2023,446.0
1778517,Lepidoptera,Noctuidae,Standfussiana,Standfussiana lucernea,Standfussiana lucernea,99,ACCEPTED,EXACT,SPECIES,london31May2023,353.0
1789481,Lepidoptera,Noctuidae,Stilbia,Stilbia anomala,Stilbia anomala,98,ACCEPTED,EXACT,SPECIES,london31May2023,675.0
9327042,Lepidoptera,Erebidae,Drasteria,Synedoida grandirena,Drasteria grandirena,99,SYNONYM,EXACT,SPECIES,london31May2023,0.0
1766086,Lepidoptera,Noctuidae,Synthymia,Synthymia fixa,Synthymia fixa,99,ACCEPTED,EXACT,SPECIES,london31May2023,363.0
4532908,Lepidoptera,Noctuidae,Thysanoplusia,Thysanoplusia daubei,Thysanoplusia daubei,99,ACCEPTED,EXACT,SPECIES,london31May2023,46.0
1763697,Lepidoptera,Noctuidae,Trigonophora,Trigonophora flammea,Trigonophora flammea,99,ACCEPTED,EXACT,SPECIES,london31May2023,634.0
1790692,Lepidoptera,Erebidae,Tyta,Tyta luctuosa,Tyta luctuosa,99,ACCEPTED,EXACT,SPECIES,london31May2023,0.0
1774285,Lepidoptera,Noctuidae,Valeria,Valeria oleagina,Valeria oleagina,99,ACCEPTED,EXACT,SPECIES,london31May2023,150.0
6116899,Lepidoptera,Noctuidae,Vittaplusia,Vittaplusia vittata,Vittaplusia vittata,99,ACCEPTED,EXACT,SPECIES,london31May2023,72.0
1777727,Lepidoptera,Noctuidae,Xanthopastis,Xanthopastis timais,Xanthopastis timais,99,ACCEPTED,EXACT,SPECIES,london31May2023,173.0
5112254,Lepidoptera,Noctuidae,Xestia,Xestia agathina,Xestia agathina,99,ACCEPTED,EXACT,SPECIES,london31May2023,351.0
8043500,Lepidoptera,Noctuidae,Xestia,Xestia ashworthii,Xestia ashworthii,99,ACCEPTED,EXACT,SPECIES,london31May2023,198.0
5112336,Lepidoptera,Noctuidae,Xestia,Xestia castanea,Xestia castanea,99,ACCEPTED,EXACT,SPECIES,london31May2023,929.0
5772349,Lepidoptera,Noctuidae,Xestia,Xestia ditrapezium,Xestia ditrapezium,99,ACCEPTED,EXACT,SPECIES,london31May2023,607.0
5112362,Lepidoptera,Noctuidae,Xestia,Xestia stigmatica,Xestia rhomboidea,99,SYNONYM,EXACT,SPECIES,london31May2023,507.0
1790364,Lepidoptera,Noctuidae,Xylena,Xylena exsoleta,Xylena exsoleta,99,ACCEPTED,EXACT,SPECIES,london31May2023,807.0
1803025,Lepidoptera,Nolidae,Earias,Earias biplaga,Earias biplaga,99,ACCEPTED,EXACT,SPECIES,london31May2023,228.0
1803060,Lepidoptera,Nolidae,Earias,Earias insulana,Earias insulana,99,ACCEPTED,EXACT,SPECIES,london31May2023,171.0
1803078,Lepidoptera,Nolidae,Earias,Earias vittella,Earias vittella,99,ACCEPTED,EXACT,SPECIES,london31May2023,31.0
4534762,Lepidoptera,Nolidae,Meganola,Meganola strigula,Meganola strigula,99,ACCEPTED,EXACT,SPECIES,london31May2023,784.0
4534788,Lepidoptera,Nolidae,Nola,Nola chlamitulalis,Nola chlamitulalis,99,ACCEPTED,EXACT,SPECIES,london31May2023,45.0
5114311,Lepidoptera,Nolidae,Nycteola,Nycteola asiatica,Nycteola asiatica,99,ACCEPTED,EXACT,SPECIES,london31May2023,98.0
8244266,Lepidoptera,Nolidae,Nycteola,Nycteola degenerana,Nycteola degenerana,98,ACCEPTED,EXACT,SPECIES,london31May2023,794.0
5114316,Lepidoptera,Nolidae,Nycteola,Nycteola siculana,Nycteola siculana,99,ACCEPTED,EXACT,SPECIES,london31May2023,17.0
1802280,Lepidoptera,Nolidae,Pseudoips,Pseudoips prasinana,Pseudoips prasinana,99,ACCEPTED,EXACT,SPECIES,london31May2023,640.0
1825176,Lepidoptera,Notodontidae,Cerura,Cerura erminea,Cerura erminea,98,ACCEPTED,EXACT,SPECIES,london31May2023,705.0
1822830,Lepidoptera,Notodontidae,Clostera,Clostera anachoreta,Clostera anachoreta,98,ACCEPTED,EXACT,SPECIES,london31May2023,825.0
1825083,Lepidoptera,Notodontidae,Notodonta,Notodonta torva,Notodonta torva,99,ACCEPTED,EXACT,SPECIES,london31May2023,951.0
1826022,Lepidoptera,Notodontidae,Odontosia,Odontosia carmelita,Odontosia carmelita,99,ACCEPTED,EXACT,SPECIES,london31May2023,959.0
1822346,Lepidoptera,Notodontidae,Peridea,Peridea anceps,Peridea anceps,99,ACCEPTED,EXACT,SPECIES,london31May2023,0.0
5119245,Lepidoptera,Notodontidae,Phalera,Phalera bucephala,Phalera bucephala,99,ACCEPTED,EXACT,SPECIES,london31May2023,0.0
1825971,Lepidoptera,Notodontidae,Pheosia,Pheosia gnoma,Pheosia gnoma,99,ACCEPTED,EXACT,SPECIES,london31May2023,0.0
1825983,Lepidoptera,Notodontidae,Pheosia,Pheosia tremula,Pheosia tremula,99,ACCEPTED,EXACT,SPECIES,london31May2023,0.0
1825064,Lepidoptera,Notodontidae,Pterostoma,Pterostoma palpina,Pterostoma palpina,98,ACCEPTED,EXACT,SPECIES,london31May2023,0.0
1828162,Lepidoptera,Notodontidae,Ptilodon,Ptilodon capucina,Ptilodon capucina,98,ACCEPTED,EXACT,SPECIES,london31May2023,0.0
4534872,Lepidoptera,Notodontidae,Ptilodon,Ptilodon cucullina,Ptilodon cucullina,99,ACCEPTED,EXACT,SPECIES,london31May2023,0.0
5119143,Lepidoptera,Notodontidae,Ptilophora,Ptilophora plumigera,Ptilophora plumigera,99,ACCEPTED,EXACT,SPECIES,london31May2023,0.0
5118996,Lepidoptera,Notodontidae,Stauropus,Stauropus fagi,Stauropus fagi,99,ACCEPTED,EXACT,SPECIES,london31May2023,0.0
1824131,Lepidoptera,Notodontidae,Thaumetopoea,Thaumetopoea pityocampa,Thaumetopoea pityocampa,99,ACCEPTED,EXACT,SPECIES,london31May2023,0.0
1824113,Lepidoptera,Notodontidae,Thaumetopoea,Thaumetopoea processionea,Thaumetopoea processionea,99,ACCEPTED,EXACT,SPECIES,london31May2023,0.0
1823493,Lepidoptera,Notodontidae,Trichiocercus,Trichiocercus sparshalli,Trichiocercus sparshalli,99,ACCEPTED,EXACT,SPECIES,london31May2023,0.0
1939879,Lepidoptera,Sesiidae,Paranthrene,Paranthrene tabaniformis,Paranthrene tabaniformis,99,ACCEPTED,EXACT,SPECIES,london31May2023,592.0
1940807,Lepidoptera,Sesiidae,Pennisetia,Pennisetia hylaeiformis,Pennisetia hylaeiformis,99,ACCEPTED,EXACT,SPECIES,london31May2023,932.0
1940158,Lepidoptera,Sesiidae,Pyropteron,Pyropteron chrysidiformis,Pyropteron chrysidiformis,99,ACCEPTED,EXACT,SPECIES,london31May2023,591.0
7628988,Lepidoptera,Sesiidae,Synansphecia,Pyropteron muscaeformis,Synansphecia muscaeformis,99,SYNONYM,EXACT,SPECIES,london31May2023,322.0
5141501,Lepidoptera,Sesiidae,Sesia,Sesia bembeciformis,Sesia bembeciformis,99,ACCEPTED,EXACT,SPECIES,london31May2023,903.0
1940717,Lepidoptera,Sesiidae,Synanthedon,Synanthedon andrenaeformis,Synanthedon andrenaeformis,98,ACCEPTED,EXACT,SPECIES,london31May2023,548.0
1940744,Lepidoptera,Sesiidae,Synanthedon,Synanthedon culiciformis,Synanthedon culiciformis,99,ACCEPTED,EXACT,SPECIES,london31May2023,715.0
1940598,Lepidoptera,Sesiidae,Synanthedon,Synanthedon flaviventris,Synanthedon flaviventris,99,ACCEPTED,EXACT,SPECIES,london31May2023,228.0
1940639,Lepidoptera,Sesiidae,Synanthedon,Synanthedon scoliaeformis,Synanthedon scoliaeformis,99,ACCEPTED,EXACT,SPECIES,london31May2023,409.0
1940768,Lepidoptera,Sesiidae,Synanthedon,Synanthedon spheciformis,Synanthedon spheciformis,99,ACCEPTED,EXACT,SPECIES,london31May2023,851.0
1940575,Lepidoptera,Sesiidae,Synanthedon,Synanthedon tipuliformis,Synanthedon tipuliformis,99,ACCEPTED,EXACT,SPECIES,london31May2023,115.0
1940644,Lepidoptera,Sesiidae,Synanthedon,Synanthedon vespiformis,Synanthedon vespiformis,98,ACCEPTED,EXACT,SPECIES,london31May2023,100.0
1862774,Lepidoptera,Sphingidae,Hyles,Hyles hippophaes,Hyles hippophaes,99,ACCEPTED,EXACT,SPECIES,london31May2023,59.0
1862765,Lepidoptera,Sphingidae,Hyles,Hyles livornica,Hyles livornica,99,ACCEPTED,EXACT,SPECIES,london31May2023,921.0
1862686,Lepidoptera,Sphingidae,Hyles,Hyles nicaea,Hyles nicaea,98,ACCEPTED,EXACT,SPECIES,london31May2023,0.0
5124007,Lepidoptera,Sphingidae,Laothoe,Laothoe populi,Laothoe populi,99,ACCEPTED,EXACT,SPECIES,london31May2023,0.0
1864652,Lepidoptera,Sphingidae,Macroglossum,Macroglossum stellatarum,Macroglossum stellatarum,98,ACCEPTED,EXACT,SPECIES,london31May2023,0.0
1864008,Lepidoptera,Sphingidae,Manduca,Manduca quinquemaculatus,Manduca quinquemaculatus,99,ACCEPTED,EXACT,SPECIES,london31May2023,0.0
1864021,Lepidoptera,Sphingidae,Manduca,Manduca rustica,Manduca rustica,98,ACCEPTED,EXACT,SPECIES,london31May2023,0.0
1863978,Lepidoptera,Sphingidae,Manduca,Manduca sexta,Manduca sexta,99,ACCEPTED,EXACT,SPECIES,london31May2023,0.0
5123922,Lepidoptera,Sphingidae,Mimas,Mimas tiliae,Mimas tiliae,99,ACCEPTED,EXACT,SPECIES,london31May2023,0.0
5124071,Lepidoptera,Sphingidae,Nephele,Nephele accentifera,Nephele accentifera,99,ACCEPTED,EXACT,SPECIES,london31May2023,0.0
1864161,Lepidoptera,Sphingidae,Proserpinus,Proserpinus proserpina,Proserpinus proserpina,99,ACCEPTED,EXACT,SPECIES,london31May2023,0.0
1862580,Lepidoptera,Sphingidae,Smerinthus,Smerinthus ocellata,Smerinthus ocellata,98,ACCEPTED,EXACT,SPECIES,london31May2023,0.0
5124208,Lepidoptera,Sphingidae,Sphinx,Sphinx drupiferarum,Sphinx drupiferarum,99,ACCEPTED,EXACT,SPECIES,london31May2023,0.0
5124143,Lepidoptera,Sphingidae,Sphinx,Sphinx ligustri,Sphinx ligustri,99,ACCEPTED,EXACT,SPECIES,london31May2023,0.0
5124233,Lepidoptera,Sphingidae,Sphinx,Sphinx pinastri,Sphinx pinastri,99,ACCEPTED,EXACT,SPECIES,london31May2023,0.0
8403618,Lepidoptera,Zygaenidae,Adscita,Adscita geryon,Adscita geryon,98,ACCEPTED,EXACT,SPECIES,london31May2023,28.0
5768179,Lepidoptera,Zygaenidae,Jordanita,Jordanita globulariae,Jordanita globulariae,99,ACCEPTED,EXACT,SPECIES,london31May2023,467.0
5105642,Lepidoptera,Zygaenidae,Sinica,Pryeria sinica,Sinica sinica,99,SYNONYM,EXACT,SPECIES,london31May2023,171.0
7955974,Lepidoptera,Zygaenidae,Zygaena,Zygaena exulans,Zygaena exulans,99,ACCEPTED,EXACT,SPECIES,london31May2023,972.0
7410701,Lepidoptera,Zygaenidae,Zygaena,Zygaena purpuralis,Zygaena purpuralis,98,ACCEPTED,EXACT,SPECIES,london31May2023,450.0
